publisher_clean,book_count,avg_rating,avg_bayesian,total_votes,median_price,year_range,books,pub_score,quality_tier
中华书局,35,8.98857142857143,8.96788326997816,194480,26.0,1956-2017,"['万历十五年（增订本）', '万历十五年', '史记（全十册）', '唐诗三百首', '古文观止', '论语', '于丹《论语》心得', '庄子', '山月记', '万历十五年', '史记', '三国志（全五册）', '資治通鑑（全二十冊）', '水浒传', '姥姥语录', '万历十五年', '人间词话', '古代汉语（第一册）', '谈美', '三国志', '金刚经 心经 坛经', '资治通鉴', '宅兹中国', '論語譯註', '正说清朝十二帝', '三国史话', '金刚经·心经', '论语译注', '四書章句集注', '老子注译及评介', '飲水詞箋校', '唐诗三百首', '大学·中庸', '世说新语', '记一忘三二']",8.812499274242517,优秀
北京大学出版社,29,8.851724137931035,8.837059973649223,168410,39.8,1998-2015,"['异乡人', '全球通史(上)', '全球通史（第7版 上册）', '全球通史', '经济学原理', '全球通史(下)', '批评官员的尺度', '贾想1996—2008', '输赢', '中国哲学简史', '米娅，快跑', '乡土中国', '经济学原理', '经济学通识', '李光耀观天下', '东晋门阀政治', '乡土中国 生育制度', '中国现代文学三十年', '日常生活中的自我呈现', '别告诉我你懂PPT', '唐宋词十七讲', '经济学原理（第4版）', '经济学原理(第7版)', '欧洲文明十五讲', '江村经济', '电影批评', '全球通史', '政治学通识', '西方文学十五讲']",8.688126127717439,优秀
少年儿童出版社,19,8.921052631578947,8.901889452508305,87428,17.0,1962-2006,"['猜猜我有多爱你', '十万个为什么', '365夜故事（上下）', '汤姆・索亚历险记', '上下五千年', '365夜', '安徒生童话', '女生贾梅全传', '男生贾里全传', '爷爷一定有办法', '三毛流浪记（全集）', '风与树的歌', '七色花', '鳄鱼怕怕牙医怕怕', '舒克和贝塔历险记', '逃家小兔', '小灵通漫游未来', '花香小镇', '母鸡萝丝去散步']",8.678926900539034,优秀
商务印书馆,46,8.752173913043478,8.739163947937813,364882,25.0,1960-2013,"['如何阅读一本书', '菊与刀', '理想国', '走到人生边上', '君主论', '社会契约论', '國史大綱（上下）', '西方哲学史（上卷）', '旧制度与大革命', '新华字典（1998年修订本）', '论美国的民主', '作为意志和表象的世界', '现代汉语词典（修订本）', '哥德尔、艾舍尔、巴赫', '精神分析引论', '江村经济', '古汉语常用字字典', '李尔王', '论人类不平等的起源和基础', '西方哲学史（下卷）', '菊与刀', '会饮篇', '论自由', '自杀论', '发现之旅', '蓝海战略', '谈谈方法', '利维坦', '忏悔录', '爱弥儿', '道德情操论', '政府论（下篇）', '旧制度与大革命', '小逻辑', '诗学', '武士道', '联邦党人文集', '社会契约论', '逻辑哲学论', '索拉里斯星', '乌托邦', '伯罗奔尼撒战争史', '尼各马可伦理学', '西方哲学史', '第一哲学沉思集', '牛津高阶英汉双解词典(第四版)']",8.652283549501355,优秀
東立,33,8.784848484848483,8.76895416753021,146889,100.0,1993-2006,"['七龍珠 34', '漩涡', '死神01', '魚', '伊藤潤二恐怖漫畫精選【1】', '20世紀少年01', '至死不渝的愛', 'MONSTER-怪物-02', '铳梦', '戒音', '伊藤潤二恐怖漫畫精選【2】', '魚2', '漩渦2', '人頭氣球', 'MONSTER-怪物-01', '毒藥伯爵(13)', '火影忍者26', '闇之聲', '漩渦3', '伊藤潤二恐怖漫畫精選【7】', 'xxxHOLiC(01)', '伊藤潤二恐怖漫畫精選【5】', '淘氣小親親01', '伊藤潤二恐怖漫畫精選【3】', '地獄星', '禁入空間', '輝夜姬(01)', '伊藤潤二恐怖漫畫精選【4】', '伊藤潤二恐怖漫畫精選【6】', '伊藤潤二恐怖漫畫精選【12】', '快樂的暑假', '禁斷戀愛', '伊藤潤二恐怖漫畫精選【15】']",8.648798598712668,优秀
人民邮电出版社,33,8.76969696969697,8.754607173996705,183320,59.0,2003-2016,"['黑客与画家', '社会心理学', '心理学与生活', '番茄工作法图解', '亲密关系', '写给大家看的设计书（第3版）', '数学之美', '简约至上', '聪明的投资者', '对伪心理学说不', '文明之光（第一册）', 'C++ Primer 中文版（第 4 版）', '亲密关系', '亲密关系', '数学之美 （第二版）', '结网', '改变心理学的40项研究', '决策与判断', '浪潮之巅（第2版）（套装上下册）', 'Python编程', '鸟哥的Linux私房菜', '文明之光（第二册）', '信息简史', '图解HTTP', 'JavaScript高级程序设计（第3版）', '软件随想录', '文明之光 （第三册）', '社会心理学', 'UNIX环境高级编程', '瞬间之美', '编程珠玑', '硅谷之谜', '说服力 让你的PPT会说话']",8.637525960936342,优秀
岳麓书社,8,9.1,9.082043572882386,47884,18.25,1986-2019,"['三国演义', '红楼梦', '西游记', '聊斋志异', '山海经', '三国演义', '简读中国史', '史记']",8.619435423558484,卓越
新經典文化,5,9.2,9.170650070863783,15209,200.0,2011-2012,"['深夜食堂 06', '深夜食堂 05', '深夜食堂 02', '深夜食堂 09', '深夜食堂 03']",8.55195028369672,卓越
人民出版社,12,8.825000000000001,8.808578304627998,61220,34.0,1991-2009,"['做最好的自己', '毛泽东选集 第一卷', '朱镕基答记者问', '共产党宣言', '乡土中国', '纯粹理性批判', '红楼梦', '大国崛起', '资本论（第一卷）', '毛泽东选集 第二卷', '家庭、私有制和国家的起源', '1844年经济学哲学手稿']",8.551285393951005,优秀
广州出版社,4,9.325,9.295469197052153,13396,110.5,2006-2011,"['金庸作品集', '笑傲江湖', '天龙八部', '射雕英雄传（全4册）']",8.542763877357213,卓越
哈尔滨出版社,31,8.638709677419355,8.630414571047178,422172,15.8,2000-2016,"['撒哈拉的故事', '飞鸟集', '金锁记', '哭泣的骆驼', '万水千山走遍', '梦里花落知多少', '恐怖宠物店（10）', '小王子（中英文对照本）', '闹学记', '告白', '我的宝贝', '彼得·潘', '恐怖宠物店1', '青鸟', '稻草人手记', '致加西亚的信', '雨季不再来', '张爱玲全集1：长篇小说·半生缘', '醒来觉得甚是爱你', '倾城', '滚滚红尘', '送你一匹马', '温柔的夜', '我的灵魂骑在纸背上', '随想', '金锁记', '背影', '亲爱的三毛', '福尔摩斯探案全集（上中下）', '谈心', '红楼梦魇']",8.535422632997442,优秀
浙江教育出版社,6,9.033333333333333,9.010857238235273,26183,37.5,1991-2018,"['中国少年儿童百科全书（全四册）', '中国少年儿童百科全书', '奈飞文化手册', '中国少年儿童百科全书', '中国少年儿童百科全书', '中国少年儿童百科全书']",8.529279803123119,卓越
上海古籍出版社,8,8.9,8.887222700439207,71815,20.0,1998-2009,"['人间词话', '孙子兵法', '中国近代史', '陶庵梦忆 西湖梦寻', '闲情偶寄', '浮生六记', '阅微草堂笔记', '中国通史']",8.527755012996987,优秀
山西古籍出版社,4,9.25,9.21926171711577,13008,8.0,2003-2004,"['世说新语', '楚辞', '诗经', '老子']",8.519315421992172,卓越
新世纪出版社,12,8.758333333333333,8.745961578678397,86165,18.0,2008-2014,"['子不语 1-2', '子不语3', '哥斯拉不说话', '长歌行 01', '长歌行 02', '长歌行 03', '长歌行 04', '夏达短篇漫画集(共2册)', '长安幻夜(1)(2)', '长歌行 05', '长歌行 06', '溯空']",8.51550440769409,优秀
天地出版社,10,8.790000000000001,8.776736873923166,53073,36.0,2005-2019,"['基地', '基地与帝国', '第二基地', '遗落的南境1：湮灭', '汴京之围', '成为', '基地前传1·基地前奏（上下）', '基地前传2·迈向基地（上下）', '基地续集1·基地边缘（上下）', '基地续集2·基地与地球（上下）']",8.507443281929831,优秀
茜新社,3,9.4,9.368582553466235,11182,650.0,2007-2010,"['同級生', '卒業生−春− ＥＤＧＥＣＯＭＩＸ', '卒業生−冬− ＥＤＧＥＣＯＭＩＸ']",8.49831677315282,卓越
生活·读书·新知三联书店,166,8.513253012048192,8.50530868980428,2179273,28.0,1979-2018,"['我们仨', '目送', '万历十五年', '向左走·向右走', '天龙八部', '笑傲江湖（全四册）', '神雕侠侣', '射雕英雄传（全四册）', '孩子你慢慢来', '倚天屠龙记(共四册)', '中国历代政治得失', '我们仨', '历史深处的忧虑', '邓小平时代', '围城', '巨流河', '中国大历史', '带一本书去巴黎', '雪山飞狐', '连城诀', '射雕英雄传', '总统是靠不住的', '倚天屠龙记', '美的历程', '城门开', '月亮忘记了', '飞狐外传', '听幾米唱歌', '听幾米唱歌', '野火集', '侠客行', '我也有一个梦想', '我怎样毁了我的一生', '鹿鼎记', '上学记', '碧血剑（上下）', '书剑恩仇录(上下)', '西班牙旅行笔记', '天朝的崩溃', '傅雷家书', '河童旅行素描本', '如彗星划过夜空', '人·兽·鬼', '向左走·向右走', '书剑恩仇录', '碧血剑', '别闹了，费曼先生', '查拉图斯特拉如是说', '写在人生边上 人生边上的边上 石语', '八十年代访谈录', '森林唱游', '窥视印度', '人类的群星闪耀时（增订版）', '城记', '扫起落叶好过冬', '疯癫与文明', '洞穴奇案', '像自由一样美丽', '创意市集', '规训与惩罚', '赫逊河畔谈中国历史', '我在伊朗长大', '路西法效应', '悲剧的诞生', '新教伦理与资本主义精神', '中国历代政治得失', '七十年代', '死在这里也不错', '中国国家治理的制度逻辑', '连城诀', '宽容', '门萨的娼妓', '飞狐外传（上下册）', '设计私生活', '雪山飞狐', '干校六记', '窥视日本', '昨日的世界', '半饱', '鹿鼎记（全五册）', '岁朝清供', '存在与时间', '陈寅恪的最后20年', '北欧，冰与火之地的寻真之旅', '回家真好', '两个人住', '万历十五年', '黄河青山', '河童杂记本', '天朝的崩溃（修订版）', '当我们旅行', '将饮茶', '窥视工作间', '超越死亡', '胡雪岩（全三册）', '一路走来一路读 （增补本）', '金庸全集', '忧郁的热带', '文心', '创意市集2·玩心大发', '设计，不安于室', '听杨绛谈往事', '极权主义的起源', '我们仨', '从卡夫卡到昆德拉', '给青年艺术家的信', '日本四季', '香港味道1', '历史深处的忧虑', '洞穴奇案', '西行漫记', '花间十六声', '宋诗选注', '宋诗选注', '中国现代国家的起源', '人在欧洲', '人类的故事', '我在伊朗长大1', '人类的群星闪耀时', '香港味道2', '百变小红帽', '巨流河', '昨天的云', '合肥四姊妹', '中国哲学简史', '洗澡', '斐多', '中国古建筑二十讲', '金翼', '万历十五年', '罗摩桥', '别闹了，费曼先生', '上学记', '写给大家的中国美术史', '干校六记', '梦·想家', '猎人们', '国史新论', '学术与政治', '我们仨', '行走台湾', '寻常放荡', '给一个青年诗人的十封信', '英国人的言行潜规则', '吃，吃的笑', '艺术的故事', '资本主义与二十一世纪', '京都一年', '月亮忘记了', '二十位人性见证者', '放大意大利', '侠客行(上下)', '写在人生边上 写在人生边上的边上 石语', '疯狂实验史', '社会学的想像力', '秦崩', '存在与虚无', '查拉图斯特拉如是说', '世界美术名作二十讲', '庄子说', '电影×音乐', '七缀集', '跨越边界的社区（修订版）', '巴黎的忧郁', '关于来洛尼亚王国的十三个童话故事', '图说中国绘画史']",8.490030263571118,优秀
Scholastic,4,9.15,9.122417973885897,13179,10.49,1999-2004,"['Harry Potter and the Sorcerer&#39;s Stone', 'Harry Potter And The Chamber Of Secrets', 'Harry Potter and the Goblet of Fire', 'Charlotte&#39;s Web']",8.48951734715221,卓越
四川科学技术出版社,21,8.609523809523811,8.599881644249448,163268,21.0,2003-2016,"['球状闪电', '银河系漫游指南', '安德的游戏', '天意', '美国众神', '你一生的故事', '真名实姓', '死者代言人', '深渊上的火', '计算中的上帝', '热夜之梦', '宇宙尽头的餐馆', '沙丘', '安德的影子', '好兆头', '群星，我的归宿', '坟场之书', '星船伞兵', '童年的终结', '球状闪电', '天渊']",8.482385604889119,优秀
新經典圖文傳播有限公司,5,8.98,8.95726117300468,22564,200.0,2010-2012,"['青春', '深夜食堂 01', '深夜食堂 07', '深夜食堂 10', '深夜食堂 08']",8.475739963032755,优秀
黑龙江美术出版社,15,8.646666666666667,8.634004957311907,90743,25.0,2005-2011,"['那些生命中温暖而美好的事情', '我的路3', '我的路4', '我的路5', '风色四叶草', '玛塔', '踮脚张望1', '未成年（1、2、3）', '寂地', '超合金社团（1、2）', '飞翔的猫', '玛塔·黄金国历险记1', '长安幻夜', '踮脚张望2', '我的路6']",8.474338665713073,优秀
中州古籍出版社,3,9.299999999999999,9.267780906657574,9365,20.0,2007-2010,"['金刚经', '传习录', '东京梦华录']",8.473116361450657,卓越
世界图书出版公司,25,8.576,8.564960490211067,331219,32.0,1989-2015,"['简爱（英文全本）', '富爸爸，穷爸爸', '认识电影', '为何家会伤人', '沟通的艺术（插图修订第14版）', '富爸爸财务自由之路', '老人与海', '刀与星辰', '蝙蝠侠：致命玩笑', '简爱', '傲慢与偏见（英文本）', '中国古代文化常识', '守望者（上）', '格调', '守望者（下）', '电影艺术（插图第8版）', '经济学的思维方式（第11版）', '你的剧本逊毙了！', '蝙蝠侠：黑暗骑士归来', '整理的艺术', '沟通的艺术', '如何写影评', '蝙蝠侠：第一年', '心灵的七种兵器', '蝙蝠侠：缄默']",8.470531349197406,优秀
北京燕山出版社,20,8.6,8.585657147569387,154112,22.0,1999-2015,"['羊脂球', '巴黎没有摩天轮', '阿城精选集', '百万英镑', '悲惨世界', '福尔摩斯探案集', '海底两万里', '热爱生命', '鲁滨逊漂流记', '基督山伯爵(上下)', '了不起的盖茨比', '茶花女', '边城', '慈悲城', '飘（上下）', '格兰特船长的儿女', '傲慢与偏见', '莎士比亚悲剧集', '福尔摩斯探案全集', '午夜之子']",8.468524019614582,优秀
河北教育出版社,10,8.709999999999999,8.69601961787942,70357,28.9,2002-2008,"['项链', '我爸爸', '大卫，不可以', '我妈妈', '里尔克诗选', '博尔赫斯诗选', '是谁嗯嗯在我的头上', '花婆婆', '聂鲁达诗选', '在云上']",8.464960515591018,优秀
社会科学文献出版社,8,8.7625,8.746517040145916,29721,63.5,2005-2015,"['1453', '天国之秋', '非常道', '金雀花王朝', '阿拉伯的劳伦斯', '海洋帝国', '财富之城', '野蛮大陆']",8.461540584623673,优秀
湖南科学技术出版社,16,8.6125,8.600514741043659,136259,43.5,2003-2019,"['时间简史', '此生未完成', '世界是平的', '七堂极简物理课', '时间的秩序', '果壳中的宇宙', '时间简史', '大设计', '世界是平的（3.0版）', '生命是什么', '时间简史(普及版)', '现实不似你所见', '宇宙的琴弦', '复杂', '时间简史', '果壳中的宇宙']",8.459291578965347,优秀
长春出版社,5,8.92,8.91036795989557,55238,9.0,1999-2005,"['灌篮高手31', '名侦探柯南42', '晃晃悠悠', '灌篮高手（全31卷）', '名侦探柯南1']",8.458992386922358,优秀
中国电力出版社,3,9.233333333333333,9.199866487544595,7940,85.0,2003-2007,"['Head First 设计模式（中文版）', '深入理解计算机系统', '重构']",8.456137756672412,卓越
中国摄影出版社,4,9.025,9.007819902025556,20701,90.0,2000-2012,"['美国纽约摄影学院摄影教材（上）', '美国纽约摄影学院摄影教材（上册）', '美国纽约摄影学院摄影教材（下）', '家庭日记']",8.454256401964413,卓越
皇冠文化出版公司,5,8.9,8.889052606490973,31314,280.0,2000-2003,"['神秘的魔法石', '哈利波特5 鳳凰會的密令', '消失的密室', '阿茲卡班的逃犯', '火盃的考驗']",8.45137976070643,优秀
译林出版社,206,8.46116504854369,8.45368442165988,1904486,25.0,1989-2019,"['飘', '海底两万里', '杀死一只知更鸟', '麦田里的守望者', '钢铁是怎样炼成的', '麦田里的守望者', '查令十字街84号', '这些人，那些事', '芒果街上的小屋', '荆棘鸟', '当我们谈论爱情时我们在谈论什么', '看不见的城市', '教父', '查令十字街84号', '树上的男爵', '你一生的故事', '杀死一只知更鸟', '信', '朗读者', '金色梦乡', '堂吉诃德', '看不见的城市', '傲慢与偏见', '我是猫', '王尔德童话', '小妇人', '怦然心动的人生整理魔法', '麦田里的守望者', '呼吸', '鼠疫', '魔戒（第一部）', '火星救援', '我的孤独是一座花园', '格列佛游记', '局外人', '分成两半的子爵', '朗读者', '不存在的女儿', '圣诞忆旧集', '呼啸山庄', '发条橙', '大教堂', '荆棘鸟', '不存在的骑士', '追忆似水年华 Ⅰ', '布鲁克林有棵树', '十日谈', '如果在冬夜，一个旅人', '魔戒（第三部）', '汤姆叔叔的小屋', '自深深处', '麦田里的守望者', '仿生人会梦见电子羊吗？', '少年Pi的奇幻漂流', '寻欢作乐', 'GOTH断掌事件', '毛姆短篇小说精选集', '茶花女', '傲慢与偏见', '魔戒（第二部）', '菊次郎与佐纪', '圣女的救济', '绝望锻炼了我', '奇风岁月', '理智与情感', '仿生人会梦见电子羊吗？', '信', '家鸭与野鸭的投币式寄物柜', '苔丝', '如果在冬夜，一个旅人', '华丽人生', '沉默的羔羊', '奥杜邦的祈祷', '望春风', '雪国 古都 千只鹤', '只有你听到Calling You', '烛烬', '假如明天来临', '名人传', '父与子', '麦田里的守望者', '美国大城市的死与生（纪念版）', '洛丽塔', '秘密花园', '爱玛', '呼啸山庄', '魔戒前传', '美妙的新世界', '红与黑', '基督山伯爵（上下）', '无非求碗热汤喝', '追忆似水年华', '卡尔维诺文集（第三卷）', '寂寞的频率', '我们时代的神经症人格', '麦田里的守望者', '魔戒（第二部）', '朗读者', '呼啸山庄', '云彩收集者手册', '1984', '杀死一只反舌鸟', '第二十二条军规', '罗生门', '乞力马扎罗的雪', '生命之书', '尤利西斯', '自深深处', '我们的祖先', '失踪HOLIDAY', '宇宙奇趣全集', '源氏物语', '茶花女', '巴黎烧了吗?', '为什么读经典', '夜访吸血鬼', '少年Pi的奇幻漂流', '丝之屋', '台湾念真情', '一首朋克救地球', '沉默的羔羊', '浪漫主义的根源', '一个人去跑步', '降临', '哈姆雷特', '廊桥遗梦', '终结的感觉', '耻', '查泰莱夫人的情人', '兄弟连', '第二十二条军规', '卡尔维诺文集（第五卷）', '佩德罗·巴拉莫', '卡尔维诺文集（第四卷）', '傲慢与偏见', '通向蜘蛛巢的小径', '羊脂球', '伪装成独白的爱情', '神谕之夜', '莎士比亚喜剧悲剧集', '佩德罗·巴拉莫', '软件体的生命周期', '魔戒（第一部）', '帕洛马尔', '追忆似水年华（上下册）', '茶花女', '包法利夫人', '莫奈和他的眼睛', '纳尼亚传奇：狮子、女巫和魔衣柜', '艾希曼在耶路撒冷', '命运交叉的城堡', '烟云·阿根廷蚂蚁', '芒果街上的小屋', '魔戒（第三部）', '末日的愚者', '新千年文学备忘录', '神秘岛', '傅雷家书', '算计', '教父', '少数派报告', '我是猫', '魔戒（前传）', '大象席地而坐', '细雪', '怦然心动的人生整理魔法2', '老人与海', '鼠疫', '沉思录', '北回归线', '红色笔记本', '美妙的新世界', '麦田里的守望者', '荆棘鸟', '少数派报告', '别让我走', '人生的意义', '悉达多', '猛虎细嗅蔷薇', '海底两万里', '闺蜜', '理智与情感', '精灵宝钻', '一个陌生女人的来信', '论扯淡', '西线无战事', '给青年的十二封信', '莎士比亚全集（全8册）', '卡尔维诺文集（第二卷）', '王小波全集 第九卷', '发条橙', '罗生门', '美国大城市的死与生', '曼斯菲尔德庄园', '癌症楼', '长日留痕', '了不起的盖茨比', '加缪文集', '安娜·卡列尼娜', '高堡奇人', '耻', '天使的愤怒', '雪隐鹭鸶', '十三夜', '麦田里的守望者', '那时的某人']",8.443409509206374,良好
机械工业出版社,36,8.508333333333333,8.498366527120124,193296,39.0,2000-2018,"['被讨厌的勇气', '经济学原理（上下）', '刻意练习', '卓有成效的管理者', '学会提问', '如何高效学习', '定位', '点石成金', '彼得·林奇的成功投资', '别做正常的傻瓜', '当尼采哭泣', '算法导论（原书第2版）', 'C程序设计语言', '关键对话', '用户体验的要素', 'Java编程思想 （第4版）', '学习之道', '旁观者', '用户体验要素', '设计模式', '巴菲特致股东的信', '麦肯锡方法', '建筑师成长记录', '世界上最简单的会计书', '深入理解计算机系统（原书第2版）', '商业模式新生代', '门口的野蛮人', '计算机程序的构造和解释(原书第2版)', '理性乐观派', '战胜华尔街', '管理的实践', '世界观（原书第2版）', '身体从未忘记', 'TCP/IP详解 卷1：协议', '谷物大脑', '干法']",8.440338857639103,良好
学苑出版社,16,8.575,8.564178588538626,72296,17.5,1996-2006,"['舒克和贝塔历险记', '皮皮鲁传', '鲁西西传', '智齿', '金拇指', '大灰狼罗克', '病菌集中营', '白客', '皮皮鲁和鲁西西的故事', '生化保姆', '我是钱', '罐头小人', '鬼车', '五个苹果折腾地球', '郑渊洁十二生肖童话（12册）', '魔方大厦']",8.436036441362127,优秀
東立出版社,4,8.9,8.882767283670017,17087,90.0,2001-2011,"['妖怪連絡簿 1', '富江 PARTIII', '進擊的巨人 01', '火鳳燎原 1']",8.415778673239632,优秀
复旦大学出版社,9,8.633333333333333,8.622614061523969,39660,28.0,2002-2010,"['金刚经说什么', '潜规则（修订版）', '论语别裁(上下)', '易经杂说', '裸猿', '什么是数学', '老子他说', '传统十论', '帝国的终结']",8.415421120619492,优秀
皇冠出版社,11,8.581818181818182,8.573301128507653,227271,160.0,1976-2009,"['撒哈拉的故事', '稻草人手記', '雨季不再來', '萬水千山走遍', '哭泣的駱駝', '傾城', '背影', '送你一匹馬', '溫柔的夜', '夢裡花落知多少', '小團圓']",8.409018301550967,优秀
江苏少年儿童出版社,5,8.78,8.76737444668124,37508,18.0,2001-2009,"['草房子', '青铜葵花', '山羊不吃天堂草', '根鸟', '草房子']",8.407923275060096,优秀
贵州人民出版社,13,8.553846153846154,8.543850949240966,114026,28.0,1980-2019,"['82年生的金智英', '镇魂', '无人生还', '东方快车谋杀案', '撒野 2', '尼罗河上的惨案', '陈寅恪魏晋南北朝史讲演录', '我们内心的冲突', '设局', '巴黎圣母院', '镇魂', 'ABC谋杀案', '平凡的世界']",8.406550725343987,优秀
吉林美术出版社,6,8.666666666666666,8.665192779661712,69467,13.0,1999-2015,"['机器猫哆啦A梦23', '乱马1/2', '机器猫哆啦A梦（共45册）', '魔影紫光', '机器猫哆啦A梦1', '择天记']",8.391014019693696,优秀
中国海关出版社,3,8.933333333333334,8.931720690233787,149538,29.8,2008-2009,"['明朝那些事儿（1-9）', '明朝那些事儿（陆）', '明朝那些事儿（柒）']",8.38910130734471,优秀
大塊文化,10,8.559999999999999,8.549932310466989,62085,350.0,2001-2017,"['星空', '1.2.3.木頭人', '那不勒斯故事四部曲', '地下鐵', '你們我們他們', '我的心中每天開出一朵花', '谢谢你毛毛兔，这个下午真好玩', '我不是完美小孩', '世界別為我擔心', '我的错都是大人的错']",8.38807245905816,优秀
广州出版社 花城出版社,7,8.62857142857143,8.61913488480212,73279,86.0,2008-2008,"['鹿鼎记（全五册）', '侠客行（全二册）', '神雕侠侣（全四册）', '笑傲江湖（全四册）', '连城诀', '射雕英雄传（全四册）', '倚天屠龙记（全四册）']",8.387999863190625,优秀
尖端,7,8.628571428571428,8.616453915814033,25230,120.0,1994-2009,"['NANA 12', '人魚之傷', '伊藤潤二的貓日記', '人魚之森', '福星小子 1', '瀕死之綠', '相聚一刻（1）']",8.386826939258336,优秀
上海三联书店,37,8.432432432432432,8.426141773520904,423185,28.0,1998-2019,"['送你一颗子弹', '民主的细节', '心是孤独的猎手', '动物庄园', '冬泳', '伤心咖啡馆之歌', '伤心咖啡馆之歌', '我读', '当彩色的声音尝起来是甜的', '为了报仇看电影', '极简宇宙史', '蒋勋说红楼梦（第一辑）', '叫魂', '毛姆读书随笔', '棋王', '厌女', '给一个未出生孩子的信', '六里庄遗事', '有所不为的反叛者', '书店的灯光', '被淹没和被拯救的', '梦的解析', '许子东现代文学课', '第五项修炼', '路上有惊慌', '九人', '一九八四', '民主的细节', '了不起的盖茨比', '婚礼的成员', '蒋勋说红楼梦（第二辑）', '彷徨少年时', '学习的革命', '菊与刀', '蒋勋说红楼梦（第三辑）', '沉默的大多数', '沉思录']",8.383506505167578,良好
外语教学与研究出版社,10,8.55,8.53958517886343,71527,21.9,1997-2018,"['24个比利', '夏日终曲', '威尼斯商人', '新概念英语（3）', '新概念英语（2）', '小公主', '新概念英语第一册', '比利战争', '新概念英语（4）', '留德十年']",8.382626600319444,优秀
北京理工大学出版社,5,8.7,8.694960407344686,35207,28.0,2011-2013,"['滚蛋吧!肿瘤君', '美丽新世界', '1984', '爱你就像爱生命', '我们']",8.382061118154184,优秀
辽宁教育出版社,34,8.43235294117647,8.426356432723333,266113,25.9,1998-2011,"['地下铁', '我的心中每天开出一朵花', '上帝掷骰子吗', '又寂寞又美好', '微笑的鱼', '幸运儿', '夜莺与玫瑰', '哲学家们都干了些什么？', '你们 我们 他们', '照相本子', '上帝掷骰子吗？', '去，你的旅行', '献给阿尔吉侬的花束', '森林里的秘密', '我只能为你画一张小卡片', '布瓜的世界', '搜神记Ⅰ-神农使者', '傅雷家书', '死亡通知单2：宿命（上）', '死亡通知单3：离别曲（下）', '上帝掷骰子吗', '死亡通知单3：离别曲（上）', '搜神记Ⅱ·大荒惊变', '死亡通知单2：宿命（下）', '搜神记Ⅲ·灵山十巫', '搜神记Ⅳ·太乙火真', '搜神记Ⅴ·三生石', '搜神记Ⅵ·似是故人来', '他，来自火星', '一九八四', '知日· HI! 美术馆', '知日·制服uniforms', '蛮荒记1·鲲鹏', '哪瓣洋葱不流泪']",8.380701682093685,良好
明河社,4,8.775,8.756198678586289,11954,100.0,1976-1994,"['笑傲江湖', '神鵰俠侶', '倚天屠龍記', '射鵰英雄傳']",8.376834487060023,优秀
天津大学出版社,3,8.9,8.873761001199469,7384,80.0,2003-2005,"['建筑：形式、空间和秩序', '华夏意匠', '建筑学教程：设计原理']",8.37461138508613,优秀
中国少年儿童出版社,4,8.75,8.73611461469787,18441,16.3,1999-2006,"['长袜子皮皮', '格兰特船长的儿女', '水果篮子2', '丁丁历险记（共22本）']",8.370654775094357,优秀
東立出版社有限公司,3,8.866666666666667,8.845743457723788,9702,85.0,1993-1998,"['封神演義 1', 'JOJO的奇妙冒險(01)', '百鬼夜行抄1 [東立]']",8.367606999217209,优秀
上海人民美术出版社,5,8.66,8.643972203201162,17802,32.0,1987-2016,"['大哥', '大哥', '素描的诀窍', '葫芦兄弟', '手绘的奇思妙想']",8.363851045245783,优秀
人民文学出版社,385,8.365974025974026,8.36141050317739,6768773,22.0,1957-2019,"['小王子', '围城', '红楼梦', '平凡的世界（全三部）', '傲慢与偏见', '哈利·波特与魔法石', '骆驼祥子', '哈利·波特与阿兹卡班的囚徒', '哈利·波特与密室', '哈利·波特与火焰杯', '三国演义（全二册）', '哈利·波特与混血王子', '了不起的盖茨比', '哈利·波特与凤凰社', '呼啸山庄', '白鹿原', '亲爱的安德烈', '哈利·波特与死亡圣器', '无人生还', '东方快车谋杀案', '巴黎圣母院', '呐喊', '安徒生童话故事集', '肖申克的救赎', '朝花夕拾', '格林童话全集', '雷雨', '西游记（全二册）', '我的天才女友', '水浒传（全二册）', '围城', '尘埃落定', '悲惨世界（上中下）', '红与黑', '新名字的故事', '浮生六记', '白鹿原', '一千零一夜', '时间旅行者的妻子', '尼罗河上的惨案', '哈姆莱特', '失踪的孩子', '天使与魔鬼', '芳华', '离开的，留下的', '海子的诗', '欧也妮·葛朗台', '失落的秘符', '罗杰疑案', '少年维特的烦恼', '围城', '翻译官', '数字城堡', '包法利夫人', '彷徨', '哈利•波特', '家', '达·芬奇密码', '复活', '双城记', '我与地坛', '顾城的诗', '雪国', '白鹿原', '洗澡', '源氏物语', '丑陋的中国人', '童年', 'ABC谋杀案', '茶馆', '沧浪之水', '踮脚张望的时光', '高老头', '城南旧事', '罗密欧与朱丽叶（名著名译插图本）', '霸王别姬', '失物之书', '生死场', '德伯家的苔丝', '野草', '围城', '阳光下的罪恶', '童年 在人间 我的大学', '罪与罚', '平凡的世界', '骗局', '尘埃落定', '龙文身的女孩', '约翰·克利斯朵夫', '穆斯林的葬礼', '北鸢', '风之影', '地狱', '天使与魔鬼', '十年一觉电影梦', '牡丹亭', '飘（全二册）', '斯泰尔斯庄园奇案', '你好，忧愁', '欧·亨利短篇小说选', '19年间谋杀小叙', '致女儿书', '小说课', '骆驼祥子', '推拿', '青春咖啡馆', '哈利・波特与凤凰社', '故事新编', '多田便利屋', '西厢记', '闪开，让我歌唱八十年代', '围城', '夜航西飞', '啤酒谋杀案', '红字', '大卫·科波菲尔（上下）', '九故事', '莫泊桑短篇小说选', '封神演义', '芙蓉镇', '儒林外史', '躲进世界的角落', '浮士德', '白马山庄杀人事件', '曾国藩（上中下）', '没有凶手的杀人夜', '无极', '尘埃落定', '查特莱夫人的情人', '白鹿原', '忏悔录', '等待戈多', '哈利·波特与被诅咒的孩子', '老残游记', '卡夫卡小说全集（全三册）', '玩火的女孩', '家', '千江有水千江月', '繁星春水', '廊桥遗梦', '子夜', '藏獒', '死亡约会', '替身', '第十三个故事', '契诃夫短篇小说选', '地下铁', '战争与和平（全四册）', '红星照耀中国', '悬崖山庄奇案', '我的心中每天开出一朵花', '日出', '灵魂只能独行', '平凡的世界（全三册）', '暗算', '云中命案', '诗翁彼豆故事集', '慈悲', '四世同堂（上下）', '谋杀启事', '万火归一', '妈阁是座城', '雷雨', '长恨歌', '照相本子', '直捣蜂窝的女孩', '向左走·向右走', '奇迹男孩', '堕落天使', '人性记录', '雷蒙德·卡佛短篇小说自选集', '洗澡', '底牌', '偶发空缺', '桃花扇', '少年凯歌', '围城', '巴黎评论·作家访谈Ⅰ', '钟鼓楼', '神曲（全三册）', '边城', '数字城堡', '推拿', '本源', '巴黎圣母院', '吃鲷鱼让我打嗝', '温故一九四二', '雕刻时光', '怪人们', '鲁迅全集（2005最新修订版）', '围城', '东周列国志（上下）', '悲惨世界', '动物园', '离婚', '群山之巅', '阿甘正传', '西游记（全三册）', '九州·缥缈录', '道连·格雷的画像', '我与地坛', '国画', '爱丽斯漫游奇境', '解密', '荷马史诗·奥德赛', '春', '自杀俱乐部', '藏地白皮书', '木偶奇遇记', '日瓦戈医生', '远大前程', '大师和玛格丽特', '二十亿光年的孤独', '藏书室女尸之谜', '荷马史诗·伊利亚特', '我只能为你画一张小卡片', '猫城记', '河岸', '越读者', '茧', '你好，忧愁', '大明王朝1566', '所以', '围城', '爱伦·坡短篇小说集', '鸽群中的猫', '在人间', '秋', '水浒传', '第十年的情人节', '神奇动物在哪里', '白鹿原', '英国病人', '奥狄浦斯王', '许三观卖血记', '张居正（全四册）', '大明宫词', '醒世恒言（上下）', '堂吉诃德（上下）', '全本新注聊斋志异（全三册）', '家', '刀背藏身', '卡夫卡中短篇小说选', '火花', '微笑的鱼', '正红旗下', '古墓之谜', '朝花夕拾', '尘埃落定', '我与地坛', '又寂寞又美好', '观音', '血色浪漫', '寒夜', '死魂灵', '警世通言', '少年维特之烦恼', '悲惨世界（全三册）', '西方美学史', '亮剑', '草房子', '父后七日', '一生', '幕后凶手', '源氏物语（上、中、下）', '莎菲女士的日记', '和我们的女儿谈话', '天香', '鲁滨孙飘流记', '沉默的证人', '你的夏天还好吗？', '约翰·克利斯朵夫（共四册）', '爸爸，我们去哪儿？', '骗局', '绿化树', '马桥词典', '洗澡之后', '森林里的秘密', '钢铁是怎样炼成的', '宋词三百首', '渴望死亡的小丑', '斯·茨威格中短篇小说选', '弗兰妮与祖伊', '钢铁是怎样炼成的', '欧也妮·葛朗台', '妞妞', '汪曾祺散文', '静静的顿河（全四册）', '我的大学', '边城 湘行散记', '圣诞奇案', '午后四点', '红楼梦', '二十年目睹之怪现状', '葬礼之后', '星尘', '空谷幽魂', '堂吉诃德', '高尔夫球场命案', '儒林外史', '无尽长夜', '喻世明言', '布谷鸟的呼唤', '家', '幸运儿', '体育馆之谜', '白雪乌鸦', '童年', '格列佛游记', '怪屋', '牡丹亭', '红楼梦（上下）', '沉睡的谋杀案', '肖申克的救赎', '茶馆 龙须沟', '孤独的池塘', '呐喊', '布瓜的世界', '长生殿', '张枣的诗', '微物之神', '死屋手记', '杀人不难', '最寒冷的冬天是旧金山的夏季', '杜马岛', '北京人', '舒婷的诗', '一生里的某一刻', '蓝熊船长的13条半命', '额尔古纳河右岸', '拯救乳房', '布鲁克林的荒唐事', '包法利夫人', '沧浪之水', '牙医谋杀案', '神奇的魁地奇球', '简爱', '鲁滨孙漂流记', '原野', '儒林外史', '高老头', '极花', '茶花女', '诱僧', '战争与和平', '三幕悲剧', '扔在八月的路上', '呐喊', '棋王 树王 孩子王', '秦俑', '古典爱情', '城南旧事', '动物寓言集', '应物兄', '恶之花 巴黎的忧郁', '血玲珑', '西厢记', '源氏物语', '潘金莲之前世今生', '亲爱的安吉维拉', '霸王别姬', '汪曾祺小说经典', '天涯明月刀', '四魔头', '你们我们他们', '茶人三部曲（全三册）', '死水微澜', '守夜人', '悲惨世界（上中下）', '希腊神话和传说', '格列佛游记', '金瓶梅词话（全两册）', '尤利西斯', '俗世奇人（足本）', '蓝色列车之谜', '基度山伯爵（上下）', '赤朽叶家的传说', '艺术哲学', '水浒传', '动物凶猛', '文·堺雅人：憧憬的日子', '红与黑', '守望灯塔', '山中的糖果', '哈姆莱特']",8.357911414570383,良好
中国青年出版社,36,8.399999999999999,8.392800440777574,479514,24.0,1953-2018,"['沉默的大多数', '城南旧事', '长安乱', '高效能人士的七个习惯（精华版）', '毒', '牛虻', '高效能人士的七个习惯', '考拉小巫的英语学习日记', '黑铁时代', '八十天环游地球', '神秘岛', '红岩', '伤逝', '学习之道（第2版）', '呼兰河传', '空中小姐', '地心游记', '干校六记', '牛虻', '朱生豪情书全集', '现在，发现你的优势', '青铜时代', '版式设计原理', '神秘岛（全三册）', '过于喧嚣的孤独 底层的珍珠', '万物生长', '精力管理', '股票作手回忆录', '黄金时代 白银时代', '呼兰河传', '柬埔寨五月盛放', '韩寒五年文集', '八十天环游地球', '世界现代设计史', '出埃及记', '海底两万里（共二册）']",8.355885988565063,良好
海豚出版社,4,8.7,8.683134496581193,13800,35.0,2010-2012,"['我不是完美小孩', '时光电影院', '月亮忘记了', '离魂']",8.354353200289225,优秀
团结出版社,7,8.542857142857143,8.536781536424856,40802,20.0,2005-2017,"['昆仑1', '昆仑2', '昆仑6', '昆仑4', '昆仑3', '昆仑5', '请停止无效努力']",8.351970273275573,优秀
漓江出版社,11,8.472727272727273,8.466585481585954,64312,21.0,1987-2016,"['受戒', '查拉图斯特拉如是说', '故事新编', '无声的证词', '挪威的森林', '地下室手记', '在路上', '阿南', '舞 ! 舞 ! 舞 !', '象的失踪', '彷徨']",8.350324695744032,良好
中央编译出版社,12,8.466666666666667,8.456430723821535,144930,30.0,2005-2015,"['乌合之众', '沉思录', '希区柯克悬念故事集', '如何说孩子才会听，怎么听孩子才肯说', '我的凉山兄弟', '美的历史', '零ZEЯRO', '沉思录', '丑的历史', '正念的奇迹', '幸福之路', '查泰莱夫人的情人']",8.35005820491874,良好
中国社会科学出版社,13,8.453846153846154,8.445074082596005,124640,20.0,1996-2004,"['告别薇安', '一个陌生女子的来信', '通往奴役之路', '今生今世', '二十首情诗与绝望的歌', '格调', '影响力', '西藏生死之书', '致命的自负', '秘密花园（2册）', '正义论', '开放社会及其敌人（全二卷）', '伊豆的舞女']",8.348182576871965,良好
時報文化,8,8.5125,8.502496189280679,43816,274.5,1988-2010,"['機器娃娃(1)', '1Q84', '目送', '1Q84 BOOK 3', '漂流教室(1)', '樹上的男爵', '挪威的森林', '生命中不能承受之輕']",8.346707243040033,优秀
北京十月文艺出版社,151,8.345033112582781,8.341889513080547,1649531,28.0,1988-2020,"['1984', '穆斯林的葬礼', '梦里花落知多少', '半生缘', '人生', '撒哈拉的故事', '小团圆', '平凡的世界', '雨季不再来', '倾城之恋', '七夜雪', '平凡的世界（全三册）', '人生海海', '穆斯林的葬礼', '倾城之恋', '假面山庄', '平凡的世界', '色，戒', '温柔的夜', '四世同堂', '撒哈拉的故事', '稻草人手记', '白鹿原', '额尔古纳河右岸', '半生缘', '人民的名义', '红玫瑰与白玫瑰', '撒哈拉的故事', '雨季不再来', '过于喧嚣的孤独', '边城', '梦里花落知多少', '逃离', '瓦尔登湖', '流言', '沉默的大多数', '梦里花落知多少', '渴望生活', '亲爱的三毛', '眠空', '永不永不说再见', '黄金时代', '送你一匹马', '红玫瑰与白玫瑰', '面包树上的女人', '雨季不再来', '倾城之恋', '一只特立独行的猪', '活着', '滚滚红尘', '白鹿原', '我终究是爱你的', '三个 A Cup 的女人', '万水千山走遍', '温柔的夜', '巷说百物语', '人生', '清醒纪', '撒哈拉的故事', '得未曾有', '李银河说爱情', '人生', '万水千山走遍', '稻草人手记', '温柔的夜', '二三事', '小团圆', '大方 No.1', '万水千山走遍', '半生缘', '镜花缘', '动物农场', '红颜露水', '大雪中的山庄', '沉落的黄昏', '拥抱', '月童度河', '我们生活在巨大的差距里', '我的宝贝', '悲剧人偶', '爱你就像爱生命', '郁金香', '穆斯林的葬礼', '怨女', '绿毛水怪', '平凡的世界（全三册）', '怨女', '亲爱的生活', '收到你的信已经太迟', '图书馆奇谈', '告别薇安', '送你一匹马', '在不安的世界安静的活', '我们无处安放的青春', '动物农场', '你是我不及的梦', '滚滚红尘', '敦煌', '动物凶猛', '爱上了你', '亲爱的三毛', '新月集·飞鸟集', '红楼梦魇', '彼岸花', '我的宝贝', '六神磊磊读唐诗', '谁杀了她', '蔷薇岛屿', '受戒', '一半是火焰 一半是海水', '西藏一年', '解密', '我是你爸爸', '景恒街', '流星雨', '逃离', '三毛典藏全集', '异乡记', '流星雨', '黄金时代', '银河英雄传说VOL.1 黎明篇', '我的爱如此麻辣', '荷包里的单人床', '沉默的大多数', '城南旧事', '想念', '寻找家园（增订版）', '对照记', '偷书贼', '流言', '红处方', '楼兰', '许三观卖血记', '钢琴教师', '少年巴比伦', '雷峰塔', '大方 No.2', '敦煌', '造彩虹的人', '额尔古纳河右岸', '情人无泪', '人生最美是清欢', '从文自传', '天使坠落在哪里', '雨天的书', '蝴蝶过期居留', '红拂夜奔', '流言', '少帅', '平凡的世界', '银河英雄传说VOL.2 野望篇']",8.334371063078736,良好
天下出版有限公司,4,8.625,8.616290543827636,18544,39.0,2003-2005,"['樱兰高校男公关部 vol.02', '寄生獸 (完全版) (Vol. 1)', '浪客行 (Vol. 01)', '电影少女']",8.333785830211207,优秀
講談社,4,8.625,8.612751873418546,16492,714.0,1994-2015,"['蟲師 (1) アフタヌーンKC (255)', '魔法騎士（マジックナイト）レイアース 01', '虹の歯ブラシ 上木らいち発散', '外天楼']",8.332697008546871,优秀
皇冠,3,8.700000000000001,8.689593501447655,14879,350.0,2003-2013,"['哈利波特7', '解憂雜貨店', '占星术杀人魔法']",8.328569510148176,优秀
华东师范大学出版社,8,8.4625,8.451144105504648,43085,34.4,2003-2014,"['突然就走到了西藏', '社会性动物', '内向者优势', '进化心理学', '我是鸡汤', '既见君子', '返璞归真', '僧侣与哲学家']",8.322541556557196,良好
上海译文出版社,447,8.323266219239374,8.319300200983132,5023798,23.0,1978-2019,"['挪威的森林', '不能承受的生命之轻', '老人与海', '月亮和六便士', '情人', '局外人', '一个陌生女人的来信', '挪威的森林', '基督山伯爵', '动物农场', '海边的卡夫卡', '一个人的好天气', '洛丽塔', '且听风吟', '刀锋', '百年孤独', '夏洛的网', '瓦尔登湖', '罗生门', '在路上', '寻路中国', '左手倒影，右手年华。', '月亮和六便士', '江城', '世界尽头与冷酷仙境', '世界尽头与冷酷仙境', '香水', '一九八四·动物农场', '国境以南 太阳以西', '雾都孤儿', '傲慢与偏见', '枪炮、病菌与钢铁', '不能承受的生命之轻', '一九八四', '生活在别处', '爱的艺术', '海边的卡夫卡', '舞！舞！舞！', '刺杀骑士团长', '寻羊冒险记', '相约星期二', '鼠疫', '不去会死！', '鱼翅与花椒', '血疫', '远山淡影', '十一种孤独', '东京奇谭集', '金阁寺', '人生的枷锁', '质数的孤独', '旅行的艺术', '你在天堂里遇见的五个人', '且听风吟', '天黑以后', '遇到百分之百的女孩', '了不起的盖茨比', '厨房', '小径分岔的花园', '局外人', '温柔的叹息', '卡拉马佐夫兄弟', '一九八四', '广岛之恋', '斯普特尼克恋人', '银河系搭车客指南', '国境以南 太阳以西', '世界尽头与冷酷仙境', '十一字杀人', '奇鸟行状录', '神的孩子全跳舞', '不朽', '老人与海', '身份的焦虑', '香水', '罪与罚', '动物农场', '情人', '傲慢与偏见', '基督山伯爵（上下册）', '一个人的好天气', '一个陌生女人的来信', '一九七三年的弹子球', '罗生门', '三个火枪手', '窗灯', '美丽新世界', '潮骚', '爱情笔记', '没有女人的男人们', '荒原狼', '海的女儿', '野性的呼唤', '无缘社会', '玩笑', '再袭面包店', '快乐王子', '濒死之眼', '笑忘录', '蝇王', '动物农场', '小王子', '不能承受的生命之轻', '长日将尽', '红鞋', '城堡', '慢', '绑架游戏', '舞！舞！舞！', '道连·葛雷的画像', '少年维特的烦恼', '象棋的故事', '我是猫', '简·爱', '玫瑰的名字', '情人', '小王子', '窄门', '简・爱', '庆祝无意义', '鼠疫', '伊索寓言', '1973年的弹子球', '到灯塔去', '第二性Ⅰ', '茶花女', '了不起的盖茨比', '神的孩子全跳舞', '蝴蝶梦', '奇鸟行状录', '好笑的爱', '哲学的慰藉', '邮差总按两遍铃', '来自新世界 （上下）', '你在天堂里遇见的5个人', '使女的故事', '小夜曲', '呼啸山庄', '厨房', '阴翳礼赞', '达摩流浪者', '乞力马扎罗的雪', '春雪', '24重人格', '遇到百分之百的女孩', '挪威的森林', '月亮和六便士', '挪威的森林', '无知', '寻羊冒险记', '流动的盛宴', '身份', '荒原狼', '包法利夫人', '中央公园西路', '假面自白', '被掩埋的巨人', '宇宙尽头的餐馆', '乱世佳人(上、下)', '格列佛游记', '独立，从一个人旅行开始', '浮世画家', '红与黑', '告别圆舞曲', '三月里的幸福饼', '长乐路', '白痴', '都柏林人', '碎片', '绿野仙踪', '裂舌', '沙之书', '基督山伯爵（上下）', '写作这回事', '斯普特尼克恋人', '论摄影', '雾都孤儿', '列克星敦的幽灵', '刀锋', '秒速五厘米', '只爱陌生人', '喧哗与骚动', '给青年诗人的信', '是你来检阅我的忧伤了吗', '茶花女', '死于威尼斯', '白夜', '打工女孩', '华氏451', '相约星期二', '瓦尔登湖', '安娜·卡列尼娜', '挪威的森林', '飞鸟集', '萤', '小说的艺术', '赎罪', '左手倒影.右手年华', '最后一片叶子', '安徒生童话', '卡拉马佐夫兄弟', '情人', '天黑以后', '变色龙', '变形记', '恶棍列传', '鲁滨孙历险记', '阿根廷婆婆', '爱的艺术', '69', '逃避自由', '三个火枪手', '机场里的小旅行', '中国北方的情人', '女性贫困', '巴黎圣母院', '琴声如诉', '捕鼠器', '美丽新世界', '远方的鼓声', '寂静的春天', '第二性Ⅱ', '月亮和六便士', '去中国的小船', '宠物公墓', '再见野鼬鼠', '老人与海', '一日重生', '格林童话', '聊天记录', '哀愁的预感', '漂亮朋友', '铁皮鼓', '春琴抄', '一千零一夜', '垮掉的一代', '十一种孤独', '被背叛的遗嘱', '复活', '卡罗尔', '旋转木马鏖战记', '双城记', '九三年', '巴黎圣母院', '丧钟为谁而鸣', '纳尔齐斯与歌尔德蒙', '电视人', '不能承受的生命之轻', '再袭面包店', '堂吉诃德', '小王子', '幸福的建筑', '哈扎尔辞典（阳本）', '写作', '相约星期二', '在切瑟尔海滩上', '存在主义是一种人道主义', '太阳照常升起', '无限近似于透明的蓝', '十日谈', '论摄影', '杜撰集', '爱的饥渴', '疾病的隐喻', '人生的枷锁', '夏洛的网', '西西弗神话', '萤', '那些忧伤的年轻人', '汤姆·索亚历险记', '世纪末的华丽', '荒原', '荒原狼', '海底两万里', '最初的爱情，最后的仪式', '一个女人一生中的二十四小时', '在轮下', '西西弗神话', '华氏451', '拥抱逝水年华', '包法利夫人', '弗兰肯斯坦', '身份的焦虑', '理智与情感', '物质生活', '第三种黑猩猩', '如果我们的语言是威士忌', '老后破产', '细雪', '情人 乌发碧眼', '喜福会', '苔丝', '悲惨世界（上下）', '写给无神论者', '罪与罚', '浮士德', '一九八四', '东北游记', '去中国的小船', '嘉莉妹妹', '阿莱夫', '地下', '河童', '小猫杜威', '莎士比亚四大悲剧', '海边的卡夫卡', '爱的教育', '安娜·卡列尼娜', '蜜月旅行', '卡拉马佐夫兄弟', '24重人格', '刀锋', '心灵的焦灼', '钢铁是怎样炼成的', '电视人', '生命，宇宙以及一切', '红字', '昨日之旅', '蝇王', '白鲸', '金银岛', '去中国的小船', '村上广播', '爱上浪漫', '旋转木马鏖战记', '金蔷薇', '金蔷薇', '世界尽头与冷酷仙境（精装本）', '卡门', '费马大定理', '帷幕', '单向度的人', '木麻黄树', '小妇人', '玻璃球游戏', '不伦与南美', '乱世佳人', '生活在别处', '恋空（上）', '情迷佛罗伦萨', '希腊神话', '恶之花', '斜阳', '金阁寺', '傲慢与偏见', '枪炮、病菌与钢铁', '草枕', '三四郎', '永别了，武器', '悲伤与理智', '旅行的艺术', '魔山', '虚像小丑', '且听风吟', '床笫之间', '用洗脸盆吃羊肉饭', '天人五衰', '奔马', '夏洛的网', '莫失莫忘', '一九八四', '哲学的慰藉', '夜半蜘蛛猴', '炼金术士', '莎乐美', '哲学的慰藉', '且听风吟', '雏菊人生', '雅克和他的主人', '了不起的盖茨比', '再会，老北京', '雪国之劫', '夜色温柔', '名利场', '牧羊少年奇幻之旅', '蝴蝶梦', '人间失格·斜阳', '两个故宫的离合', '爱', '返老还童', '列克星敦的幽灵', '禁忌魔术', '笑面人', '乱世佳人', '儿子与情人', '波多里诺', '巴黎的忧郁', '我这一代东京人', '情人 乌发碧眼', '再会，谢谢所有的鱼', '后来的事', '卍', '百年孤独', 'N·P', '远大前程', '钥匙', '一个分成两半的子爵', '我的男人', '地平线', '八十天环游地球', '绿里奇迹', '夏洛的网', '羊男的圣诞节', '猎人笔记', '雨天炎天', '低欲望社会', '枪炮、病菌与钢铁', '欧叶妮·格朗台 高老头', '爱的教育', '咖啡苦不苦', '加缪全集 （小说卷）', '挪威的森林', '虹', '黑暗中的笑声', '水泥花园', '恋空（下）', '终究悲哀的外国语', '边境 近境', '旅行的艺术', '远大前程', '无聊的魅力', '百万英镑', '我弥留之际', '笑忘录', '海边的卡夫卡', '赎罪', '面纱', '绿野仙踪', '微暗的火', '夏夜十点半钟', '尼尔斯骑鹅旅行记', '晓寺', '萨德侯爵夫人', '温柔的叹息', '复活节游行', '失乐园', '质数的孤独', '大灭绝时代', '穿越时空的少女', '如果我们的语言是威士忌', '第二性（合卷本）', '毁灭，她说', '漫卷西风', '白夜', '愤怒的葡萄', '禁色', '培根随笔']",8.317107990037051,良好
皇冠文化出版有限公司,4,8.55,8.54231812482023,18402,235.0,1998-2014,"['13 67', '有一天啊，寶寶', 'LA流浪記', '痛快日记']",8.311025085901235,优秀
中国电影出版社,11,8.4,8.393428398301578,72718,28.0,1997-2014,"['动物凶猛', '孤芳不自赏', '故事', '福尔摩斯探案全集', '一半是火焰一半是海水', '高智商犯罪2', '尼罗河的女儿（第一部）', '永失我爱', '金刚葫芦娃', '尼罗河女儿（第2部上下）', '金刚葫芦妹']",8.310088299937625,良好
中国工人出版社,7,8.442857142857141,8.438879050257892,92184,23.8,2002-2015,"['父与子全集', '金陵十三钗', '丰乳肥臀', '小狗钱钱', '血酬定律', '小妇人', '镜子']",8.309137935577525,良好
吉林出版集团,15,8.373333333333333,8.366060664731338,265464,29.8,2008-2014,"['人间失格', '橘生淮南·暗恋', '肠子', '乌克兰拖拉机简史', '首无·作祟之物', '海伯利安', '犹记惊鸿照影', '女生徒', '莎乐美', '奔跑吧！梅勒斯', '三口棺材', '你要如何衡量你的人生', '犹大之窗', '罗生门', '海伯利安的陨落']",8.306873482850218,良好
清华大学出版社,11,8.39090909090909,8.380700073993983,40493,38.0,2002-2016,"['圈子圈套1', '圈子圈套', '建筑师的20岁', '你的灯亮着吗?', '癌症·真相', '人月神话', '机器学习', '心外传奇', '统计学习方法', '破土', '吃货的生物学修养']",8.303087721568449,良好
未知,37,8.324324324324325,8.319265253177516,507016,18.0,2003-2016,"['看见', '夹边沟记事', '死亡筆記 1', '圣经', '潜规则', '浪客剑心', 'デスノート 5', 'CLOVER（VOL.1--4）', '鸳鸯刀', '魔卡少女樱', '中国近代史', '金瓶梅', '北京折叠', '薄荷关系', '文明的冲突与世界秩序的重建', '兰因·璧月（上、下）', '郑爽的书', '过门', '我爱摇滚乐', '我爱摇滚乐', '文明的冲突与世界秩序的重建', '圣经', '乡关何处', '回国驯火记', 'CLAMP学园侦探团', '星座宫神话', '郭敬明音乐小说迷藏(CD)', '金瓶梅', '消失中的江城', 'One Billion Customers', '崩溃', '夹边沟记事', '风中的费洛蒙', '拥抱春天的罗曼史', '卫斯理全集', '零极限', 'River Town']",8.297540608369637,良好
天津社会科学院出版社,3,8.566666666666666,8.558479115237178,14359,29.8,2001-2011,"['美的历程', '傅雷家书', '人生不设限']",8.295790913595557,优秀
北京出版社,16,8.3375,8.333341161560773,94796,21.9,1993-2009,"['废都', '诗经', '梵高传', '泰戈尔诗集', '人类群星闪耀时', '小强升职记', '采桑子', '古都', '西方哲学史', '朝三暮四', '中国式离婚', '千只鹤', '乡土中国', '青春之歌', '基督山伯爵', '三言二拍']",8.2883004880963,良好
台海出版社,4,8.475000000000001,8.468327396879236,20373,49.0,2000-2019,"['贾想 I', '米', '贾想II', '了不起的我']",8.288258708073238,良好
浙江少年儿童出版社,3,8.5,8.48842540808991,10006,15.0,2005-2011,"['狼王梦', '冒险小虎队', '查理九世1·黑贝街的亡灵']",8.27827748680874,良好
百花文艺出版社,12,8.333333333333334,8.328989623456213,106735,25.0,1998-2016,"['呼兰河传', '平原上的摩西', '了凡四训', '李鸿章传', '道士下山', '林徽因传', '斩春', '灵魂的事', '街道的美学', '中国建筑史', '绿红妆之军营穿越', '苏东坡传']",8.2772347189957,良好
重庆出版社,95,8.286315789473685,8.283085323894461,1472127,29.8,2004-2016,"['三体', '三体Ⅱ', '三体Ⅲ', '三体全集', '面纱', '冰与火之歌（卷一）', '美丽新世界', '藏地密码1', '蔓蔓青萝（全2册）', '心理罪', '禅与摩托车维修艺术', '冰与火之歌（卷二）', '心理罪', '冰与火之歌（卷三）', '北京，北京', '超新星纪元', '心理罪', '斜阳', '女心理师（上）', '二号首长', '冰与火之歌·卷四·群鸦的盛宴（全两册）', '藏地密码2', '冰与火之歌', '18岁给我一个姑娘', '后宫·甄嬛传VII', '少年巴比伦', '冰与火之歌·卷五·魔龙的狂舞（全三册）', '香蕉哲学', '藏地密码3', '女心理师（下）', '心理罪之第七个读者', '冰与火之歌·卷一·权力的游戏（全三册）', '心理罪', '源泉', '藏地密码4', '后宫·甄嬛传Ⅵ', '心理罪之画像', '冰与火之歌·卷二·列王的纷争（全三册）', '藏地密码5', '沧海Ⅰ', '藏地密码6', '冰与火之歌（卷一）', '藏地密码7', '面纱', '藏地密码9', '吃的真相', '藏地密码10', '冰与火之歌·卷三·冰雨的风暴（全三册）', '心理罪2：教化场', '武侠，从牛A到牛C', '碧奴', '藏地密码8', '维庸之妻', '三体X', '阿特拉斯耸耸肩（上下）', '二号首长2', '猜火车', '冰与火之歌·卷四·群鸦的盛宴（全三册）', '沧海Ⅱ', '沧海Ⅲ', '别拿爱情说事儿', '优势谈判', '猎魔人1：白狼崛起', '沧海Ⅵ', '沧海Ⅴ', '沧海Ⅳ', '源泉', '万箭穿心', '五月女王', '饕餮娘子', '革命之路', '气场', '宫本武藏·剑与禅（上下）', '御伽草纸', '超越自己·创造自己·肯定自己', '织田信长', '三体2', '邮差', '冰与火之歌（卷一）', '春雪', '饥饿的盛世', '未央·沉浮（全两册）', '冰与火之歌：七王国的骑士', '憾生', '北方的空地', '冰与火之歌（卷一）', '光明王', '猎魔人2：宿命之剑', '三体3', '平行宇宙', '阿甘正传', '樱桃之书', '和亲公主', '华氏451', '斜阳']",8.27660730180201,良好
东立出版社,3,8.466666666666667,8.462498543635872,19039,80.0,2001-2004,"['萤火之森', '貧窮貴公子', '完美小姐进化论 7']",8.271795770695231,良好
电子工业出版社,26,8.292307692307691,8.288011230065454,176544,48.0,2005-2017,"['把时间当作朋友', '浪潮之巅', '十四堂人生创意课', '暗时间', '万万没想到', '人人都是产品经理', '把时间当作朋友（第3版）', '必然', '诚品副作用', '财富自由之路', '运营之光', '代码大全（第2版）', '增长黑客', '把时间当作朋友', '编码', '编程之美', '智识分子', '广告拜物教', '小强升职记', '程序员的自我修养', '淘宝技术这十年', '程序员修炼之道', '情感化设计', '有限与无限的游戏', 'UNIX编程艺术', '疯传']",8.26749558854677,良好
华夏出版社,19,8.299999999999999,8.294702292217718,179834,29.0,1998-2016,"['遇见未知的自己', '非暴力沟通', '活出生命的意义', '国富论', '九型人格', '《华尔街日报》是如何讲故事的', '沉重的肉身', '麦肯锡方法', '沉重的肉身', '理工大风流往事', '时间的女儿', '城市意象', '福尔摩斯探案全集1·血字的研究、四签名', '非暴力沟通', '心碎你好', '常识', '平凡的世界(全三册)', '小窗幽记', '这一代人的怕和爱']",8.266907041770422,良好
四川人民出版社,9,8.322222222222223,8.31602971512681,37207,40.0,2006-2020,"['雨', '太古和其他的时间', '中国式青春', '白天的房子，夜晚的房子', '历史的教训', '王考', '台风天', '云游', '猴子·罗汉池']",8.262128947420912,良好
上海书店出版社,5,8.34,8.33827776773467,86240,14.5,2003-2009,"['阿Q正传', '与神对话（第一卷）', '张国荣的时光', '朝花夕拾', '一梦三四年']",8.254674461150607,良好
大田出版有限公司,3,8.4,8.393783357669042,15766,250.0,2001-2007,"['一個人去旅行', '150cm Life 3', '無愛紀']",8.254616974203524,良好
北京科学技术出版社,5,8.34,8.33274475771962,19548,49.0,2004-2013,"['我想吃一个小孩', '囚徒健身', '施瓦辛格健身全书', '六顶思考帽', '无器械健身']",8.252698386145232,良好
湖南美术出版社,7,8.314285714285715,8.307173479544396,29386,78.0,2014-2020,"['写给大家的西方美术史', '造房子', '3秒', '吴哥之美', '美术馆里聊怪咖', '美的沉思', '追寻逝去的时光·第一卷：去斯万家那边']",8.25151674839037,良好
群言出版社,8,8.3,8.297772294972066,40029,28.9,2004-2015,"['厚黑学', '小王子', '人生中不可不想的事', '重新认识你自己', 'GRE词汇精选', '这些道理没有人告诉过你', '一生的学习', '天生变态狂']",8.250366586894804,良好
上海锦绣文章出版社,14,8.278571428571428,8.2769784789156,186576,21.0,2007-2010,"['爱你就像爱生命', '阿狸·梦之城堡', '历史是个什么玩意儿1', '遇见心想事成的自己', '绝对小孩', '三十而立', '似水流年', '革命时期的爱情', '活出全新的自己', '黄金时代', '地久天长', '如果这是宋史', '寻找无双', '全中国最穷的小伙子发财日记']",8.25007618792407,良好
云南人民出版社,37,8.262162162162161,8.259154194741974,216188,25.0,2002-2017,"['长夜难明', '我的奋斗', '我的阿勒泰', '看上去很美', '过把瘾就死', '给青年诗人的信', '我是你爸爸', '顽主', '独家记忆', '活不明白', '罗生门', '王小波全集（第一卷 杂文）', '王小波全集', '王小波全集：红拂夜奔（第四卷）', '如果·宅', '消失的地平线', '人间失格', '山之四季', '城南旧事', '奢侈品男人', '王小波全集（第二卷 杂文）', '过把瘾就死', '浮光', '内在的天空', '容忍与自由', '玩的就是心跳', '生活秀', '晃晃悠悠', '王小波全集：万寿寺（第三卷）', '王小波全集（第六卷）', '支离破碎', '歃血1', '喜欢我也没关系', '暗访十年', '不愿说谢谢的人', '我与父辈', '千万别把我当人']",8.249190409193222,良好
中国妇女出版社,4,8.35,8.340302907108068,16713,22.4,1986-2009,"['格子间女人', '人性的弱点', '洛克菲勒留给儿子的38封信', '荷西 我爱你']",8.248866557374416,良好
南京大学出版社,10,8.290000000000001,8.284787505404726,82585,25.0,2008-2012,"['最初的爱情 最后的仪式', '刺猬的优雅', '安吉拉·卡特的精怪故事集', '致D', '焚舟纪', '克罗诺皮奥与法玛的故事', '梦想家彼得', '剧院风情', '别的声音，别的房间', '去他的巴西']",8.248522561656968,良好
江西科学技术出版社,6,8.299999999999999,8.29566054144201,34795,25.0,2010-2018,"['一个人住第9年', '一个人旅行2', '一个人的美食之旅', '荒诞医学史', '30分老妈 2', '一个人暖呼呼']",8.243201124405815,良好
上海人民出版社,145,8.248275862068965,8.244775734369588,1811974,28.0,1981-2018,"['追风筝的人', '达·芬奇密码', '灿烂千阳', '零下一度', '乡土中国', '斯通纳', '悉达多', '我的名字叫红', '动物庄园', '姑获鸟之夏', '群山回唱', '人生的智慧', '大象的眼泪', '德米安', '毕业那天我们一起失恋', '钝感力', '池袋西口公园', '恶童日记', '我为歌狂', '魍魉之匣（上）', '穷查理宝典', '伊斯坦布尔', '魍魉之匣（下）', '纯真博物馆', '侠隐', '地球上最后的夜晚', '悉达多', '追风筝的人', '天亮说晚安', '月', '认得几个字', '2001太空漫游', '大国大城', '霍比特人', '狂骨之梦', '计数器少年', '心术', '恋人絮语', '流浪集', '络新妇之理（上）', '城邦暴力团（上）', '搏击俱乐部', '二人证据', '事物的味道，我尝得太早了', '被爱路过', '怒', '铁鼠之槛（上）', '在漫长的旅途中', '络新妇之理（下）', '初夏荷花时期的爱情', '骨音', '双面胶', '世界上所有的夜晚', '美学散步', '我敢在你怀里孤独', '第三谎言', '铁鼠之槛（下）', '人生的智慧', '想象的共同体', '乡土中国', '我脑袋里的怪东西', '花镜', '一把雨伞给这天用', '邻人之妻', '四叠半神话大系', '我心中尚未崩坏的部分', '奥古斯都', '真幌站前多田便利屋', '鹿男', '爱情没那么美好', '白色城堡', '爱上爱情', '巫言', 'HANA', '微笑的咖啡杯', '2666', '尼采', '魔戒', '蛋白质女孩', '德米安', '聆听父亲', '城邦暴力团（下）', '电子之星', '秋叶原@DEEP', '有顶天家族', '61×57', '指匠', '碎脸', '东京本屋', '被仰望与被遗忘的', '反自杀俱乐部', '遥远的星辰', '人生的智慧', '雪', '香椿树街故事', '草木芳华', '波斯少年', '天真的和感伤的小说家', '横道世之介', '一个孤独漫步者的遐想', '忧伤的老板', '镜之国', '哈娜·宅', '2001：太空漫游', '侠隐', '我的名字叫红', '让爱点亮', '屠夫十字镇', '涂佛之宴·宴之支度（上）', '十宅论', '大棋局', '朋友刀刀', '人间食粮', '中国文化要义', '庄子諵譁（上）', '有你我不怕', '地下铁道', '涂佛之宴·宴之支度（下）', '真幌站前番外地', '公众舆论', '精灵宝钻', '不许联想', '亲爱的沙皮', '知更鸟', '盖特露德', '叔本华思想随笔', '登天的感觉', '灰色的彼得潘', '2666', '西线无战事', '涂佛之宴·宴之始末（上）', '智利之夜', '地铁', '没有国家的人', '变化社会中的政治秩序', '同栖生活', '骂观众', '锅匠，裁缝，士兵，间谍', '涂佛之宴·宴之始末（下）', '2010太空漫游', '恋人絮语', '阅读的故事', '北野武自述', '哈娜·时间胶囊', '夜空总有最大密度的蓝色']",8.242639838318347,良好
群众出版社,5,8.3,8.299763395259296,107459,29.0,1979-2007,"['福尔摩斯探案全集（上中下）', '我的前半生', '福尔摩斯探案集（一）', '玉观音', '我的前半生(全本)']",8.240919328123688,良好
花城出版社,40,8.247499999999999,8.246559878345986,603317,21.4,1991-2017,"['倾城之恋', '黄金时代', '红玫瑰与白玫瑰', '第一炉香', '白银时代', '青铜时代', '半生缘', '霸王别姬 青蛇', '我不知道该说什么，关于死亡还是爱情', '孽子', '切尔诺贝利的悲鸣', '遥远的向日葵地', '白蛇', '噪音太多', '胭脂扣 生死桥', '印度墨', '人体使用手册', '潘金莲之前世今生 诱僧', '绝代双骄', '寻找家园', '天下卵', '拿破仑传', '台北人', '秦俑 满洲国妖艳——川岛芳子', '甘南纪事', '出梁庄记', '凶宅笔记', '窗外', '流言', '她比烟花寂寞', '直至海枯石烂', '红高粱', '逆水寒', '大明王朝1566', '葡萄成熟的时候', '陆小凤（1-4册）', '爱情只是古老传说', '流星雨解毒片', '我们这一代', '游园惊梦']",8.23951936227091,良好
中国建筑工业出版社,3,8.333333333333334,8.327220518838123,9764,30.0,1998-2003,"['安藤忠雄论建筑', '交往与空间', '建筑空间组合论']",8.237976264495794,良好
中国文史出版社,3,8.266666666666667,8.26278159983976,8601,48.0,2005-2015,"['时间的玫瑰', '从晚清到民国', '哈佛非虚构写作课']",8.221866534746203,良好
上海社会科学院出版社,6,8.233333333333334,8.23060982429788,74794,31.0,1999-2013,"['麦琪的礼物', '全球通史', '再穷也要去旅行', '欧洲中世纪史', '全球通史', '苗疆蛊事1']",8.217180837548161,良好
天地圖書有限公司,3,8.233333333333334,8.229896734039608,11683,85.0,1986-2007,"['親愛的安德烈', '忽爾今夏', '朝花夕拾']",8.213645318296164,良好
广西师范大学出版社,179,8.214525139664804,8.21224956693493,1212315,35.0,2001-2022,"['孤独六讲', '伊豆的舞女', '你一定爱读的极简欧洲史', '常识', '台北人', '娱乐至死', '文学回忆录（全2册）', '我执', '原来你非不快乐', '退步集', '人类的群星闪耀时', '平如美棠', '献给阿尔吉侬的花束', '孽子', '理想的下午', '纽约客', '雪国 古都', '妞妞', '云雀叫了一整天', '爱的教育', '生活十讲', '强风吹拂', '我承认我不曾历经沧桑', '荒废集', '素履之往', '有味', '狂热分子', '月光落在左手上', '昨日的世界', '哥伦比亚的倒影', '曾经', '乌合之众', '目送', '云雀叫了一整天', '娱乐至死 童年的消逝', '设计诗', '设计中的设计 | 全本', '飞行家', '芬兰人的噩梦', '谈美', '亲爱的安德烈', '后宫·甄嬛传V', '至味在人间', '台北人', '给青年的十二封信', '袁氏当国', '天真的人类学家', '最好的女子', '现代艺术150年', '纽约琐记（修订版）', '站在两个世界的边缘', '笑谈大先生', '刘氏女', '琼美卡随想录', '我所爱的香港', '退步集续编', '树犹如此', '我纷纷的情欲', '安迪·沃霍尔的哲学', '温莎墓园日记', '地下乡愁蓝调', '转山', '大问题', '蚁族', '西西弗的神话', '窗里窗外', '童年的消逝', '只是孩子', '素履之往', '蒙马特遗书', '大明王朝的七张面孔', '野火集', '恶之花', '观看之道', '孽子', '病毒星球', '只愿你曾被这世界温柔相待', '鱼王', '书店日记', '辛亥：摇晃的中国', '大问题', '设计的觉醒', '一个都不正经', '优雅', '击壤歌', '博尔赫斯谈话录', '一次・图片和故事', '即兴判断', '寂寞的十七岁', '四手联弹', '论自由', '哥伦比亚的倒影', '家', '鱼丽之宴', '汉字书法之美', '我爱这哭不出来的浪漫', '人情·世故', '就算天空再深', '门外汉的京都', '非常罪，非常美', '失焦', '大数据', '白先勇细说红楼梦', '声音与愤怒', '访问', '中国文化的深层结构', '世界小史', '只是孩子', '北方大道', '鳄鱼手记', '打开一颗心', '奥斯维辛', '杨氏女', '邹氏女', '多余的素材', '胡适口述自传', '西班牙三棵树', '杜尚访谈录', '政治秩序的起源', '小说稗类', '反正竞赛还很长', '前朝梦忆', '乌合之众', '直到长出青苔', '带着鲑鱼去旅行', '银元时代生活史', '渺小一生', '列侬回忆', '家', '木心诗选', '字解日本', '穗子物语', '爱与孤独', '一个游荡者的世界', '思考中医', '我纷纷的情欲', '单身女性的时代', '四喜忧国', '四季便当', '时代的噪音', '扫地出门', '耳语者', '王氏之死', '木心谈木心', '无知的游历', '在黑暗中等待', '沈从文的后半生', '异常', '乐之本事', '我在故宫修文物', '那些忧伤的年轻人', '台北小吃札记', '历史的终结与最后的人', '伟大的电影', '鳄鱼街', '木心作品八种', '昨日书', '零年：1945', '迈向另一个国度', '隔壁女子', '我们这儿是精神病院', '费马大定理', '留住手艺', '爱默生家的恶客', '江户日本', '纽约客', '我们在此相遇', '侯孝贤电影讲座', '枢纽', '读史阅世六十年', '少女哪吒', '玉森画廊的客人', '宋徽宗', '观看之道', '品味四讲', '大唐李白·少年游', '琼美卡随想录', '迎向灵光消逝的年代', '十方一念']",8.212057053716954,良好
山东画报出版社,11,8.209090909090909,8.207466907028033,43093,21.0,2003-2011,"['荒人手记', '雅舍谈吃', '最好的时光', '五味', '世界上最疼我的那个人去了', '茶之书', '多余的素材', '轻易放火', '人间草木', '日本料理', '国破山河在']",8.207809479737175,良好
京华出版社,5,8.2,8.20119301772874,67696,29.0,2003-2012,"['狂人日记', '英雄志（全三册）', '正面管教', '一杯热奶茶的等待', '不要用爱控制我']",8.205715621862776,良好
春天出版國際文化有限公司,3,8.200000000000001,8.196393603434979,8258,199.0,2004-2009,"['等一個人咖啡', '盛夏光年', '杀手，无与伦比的自由']",8.205269535645007,良好
獨步文化,5,8.180000000000001,8.179609218519733,22115,340.0,2006-2008,"['嫌疑犯X的獻身', '夏天．煙火．我的屍體', '使命與心的極限', '單戀', 'ZOO']",8.198007122145272,良好
中国轻工业出版社,6,8.183333333333334,8.182538335867244,25823,23.0,2003-2010,"['X.1', '学会提问', '爱的五种语言', '改变心理学的40项研究', '在星巴克要买大杯咖啡！', '塔莎奶奶的美好生活1－跟着感觉走就对了']",8.197952242175909,良好
大田,4,8.175,8.174559861185374,66794,144.0,2004-2006,"['一個人住第5年', '一個人的第一次', '150cm Life 2', '150cm Life']",8.197868697090511,良好
聯合文學,5,8.18,8.17761616142623,22800,250.0,2015-2015,"['怨氣撞鈴1·食骨', '怨氣撞鈴2·根鬚', '怨氣撞鈴4·黑蝶', '怨氣撞鈴3·飛天', '怨氣撞鈴5·同路']",8.19729531604045,良好
浙江大学出版社,15,8.186666666666666,8.18506658325436,107360,35.0,2009-2017,"['观念的水位', '腾讯传', '西藏生死书', '我读书少，你可别骗我', '历代经济变革得失', '丝绸之路', '维特根斯坦传', '一本书读懂财报', '把生命浪费在美好的事物上', '拖拉一点也无妨', '加缪手记', '我知道你不知道的自己在想什么', '救猫咪', '等待香港', '解体概要']",8.193752181927106,良好
黄山书社,5,8.16,8.155824492011408,31812,26.8,2007-2009,"['沥川往事', '未央歌', '史上第一混乱·第一季神仙预备役', '怪你过分美丽', '史上第一混乱·第二季·山寨武校']",8.189512576963729,良好
新潮社,3,8.133333333333333,8.131202111772334,8661,1890.0,2009-2010,"['1Q84 BOOK 2', '1Q84 BOOK 3', '1Q84 BOOK 1']",8.188971662729346,良好
上海文艺出版社,75,8.186666666666667,8.185666471434029,637552,25.0,1995-2020,"['活着', '兄弟（上）', '兄弟（下）', '妻妾成群', '许三观卖血记', '简爱', '繁花', '蛙', '品三国（上）', '蛙', '在细雨中呼喊', '安娜·卡列尼娜（上下）', '品三国（下）', '海风中失落的血色馈赠', '安娜·卡列尼娜', '我的帝王生涯', '春天责备', '余欢', '2001：太空漫游', '云图', '红粉', '人鼠之间', '暗店街', '品人录', '现实一种', '丰乳肥臀', '编舟记', '惶然录', '桃之夭夭', '读城记', '太阳黑子', '战争与和平（全四册）', '羊道·春牧场', '我的不完美', '罪与罚', '鲤·荷尔蒙', '武则天', '我胆小如鼠', '檀香刑', '巴黎圣母院', '罂粟之家', '春尽江南', '审判', '羊道·前山夏牧场', '突然，响起一阵敲门声', '羊道·深山夏牧场', '黄昏里的男孩', '何为良好生活', '中国的男人和女人', '花街往事', '闲话中国人', '鲤·来不及', '米', '呼啸山庄', '人面桃花', '城北地带', '世事如烟', '刺青时代', '大唐明月1·风起长安', '鲜血梅花', '人类群星闪耀时', '炸裂志', '清明上河图密码6', '酒国', '白事会', '夜航西飞', '扶桑', '生死疲劳', '鲤·变老', '单身社会', '红高粱家族', '半小时漫画宋词', '行走中的玫瑰', '没有一条道路是重复的', '鲤·写信']",8.188083797321278,良好
中国书店,3,8.133333333333333,8.127195047950595,40733,28.0,2007-2011,"['拆掉思维里的墙', '冷浪漫', '海子的诗']",8.187969896773911,良好
北方文艺出版社,16,8.175,8.175909702448276,154613,19.8,2006-2015,"['一只特立独行的猪', '沉默的大多数', '大便书', '万寿寺', '红拂夜奔', '寻找无双·东宫西宫', '可不可以不要上班', '我的阴阳两界·革命时期的爱情', '无限恐怖', '盛夏光年', '昆仑前传', '锦衣之下（全二册）', '汪曾祺谈吃', '爱你就像爱生病', '没有人像我一样', '黄金时代 黑铁时代']",8.187544354264302,良好
远方出版社,5,8.14,8.139390929712324,49671,18.0,1999-2004,"['草样年华', 'Hunter X Hunter', '三毛作品集', '北京娃娃', '近所物语']",8.183643447571198,良好
集英社,3,8.1,8.09918782475073,12636,421.0,1992-1999,"['橘子酱男孩', '白夜行', 'D・N・A2 FILE1―何処かで失くしたあいつのアイツ (1) (ジャンプコミックス)']",8.180968090973945,良好
广西人民出版社,7,8.142857142857142,8.143241197037744,29554,20.0,2005-2008,"['和空姐同居的日子', '香初上舞', '香初上舞·终上', '香初上舞·再上', '极品家丁 1', '山河岁月', '极品家丁全集']",8.17979637479371,良好
威向有限公司,4,8.1,8.101555166825298,15196,260.0,2008-2018,"['桃花债 上', '桃花债(下)', 'AWM「絕地求生」VOLUME #1', 'AWM「絕地求生」VOLUME #2']",8.175405714210488,良好
安徽人民出版社,4,8.1,8.099415418366759,13909,23.9,1990-2013,"['灿烂涅槃', '小S之怀孕日记', '道德经', '河神1·鬼水怪谈']",8.1747473300694,良好
上海文化出版社,4,8.1,8.098404944939876,75587,32.8,2011-2011,"['盗墓笔记', '盗墓笔记8·大结局（下）', '盗墓笔记8·大结局（上）', '盗墓笔记1·七星鲁王宫']",8.17443641516882,良好
中信出版集团,7,8.128571428571428,8.128898452531182,77293,68.0,2016-2019,"['未来简史', '今日简史', '美国陷阱', '海错图笔记', '历史的温度', '这里是中国', '人间失格']",8.173521424072089,良好
龙马,3,8.033333333333333,8.03570204806077,10780,,2007-2007,"['纨绔', '思凡', '庸君']",8.165096646801455,良好
三秦出版社,4,8.05,8.046905440083183,15026,39.9,2014-2018,"['去你家玩好吗', '春日宴', '山月记', '红楼梦']",8.158590413674453,良好
中国人民大学出版社,32,8.146875,8.144540239675905,191515,39.8,1999-2014,"['影响力', '牛奶可乐经济学', '拖延心理学', '你永远都无法叫醒一个装睡的人', '思维的乐趣', '毛泽东传', '投资中最简单的事', '我的精神家园', '毛泽东传', '牛奶可乐经济学', '一万小时天才理论', '浮生取义', '留德十年', '不分东西', '不要因为走得太远而忘记为什么出发', '30而励', '深夜加油站遇见苏格拉底', '北回归线', '大而不倒', '未来是湿的', '人性的，太人性的', '认知盈余', '荒野生存', '传播学教程', '象与骑象人', '成为作家', '忧郁的热带', '策略思维', '迷失·鼓浪屿', '宏观经济学', '货币金融学', '传播学教程']",8.158520519196685,良好
小学館,6,8.066666666666666,8.067608516173726,26822,398.0,1991-2005,"['ふしぎ遊戯 1', '蒼の封印 1', 'タッチ 完全版（1）', '银色舞台 1', '思春期未満', '海の闇、月の影―篠原千絵イラスト集']",8.1519803142985,良好
时代文艺出版社,16,8.10625,8.106236266899906,107056,28.0,2000-2017,"['盗墓笔记7', '绿毛水怪', '一半是海水一半是火焰', '牡蛎男孩忧郁之死', '我们心中的怕和爱', '天命', 'Blood X Blood：血族传说', '人生', '行走中的玫瑰', '大漠苍狼', '一个陌生女人的来信', '透明的红萝卜', '我的阴阳两界', '月亮和六便士', '无尾狗', '羽·黯月之翼']",8.142953355513345,良好
威向,10,8.08,8.078924536398144,27687,180.0,2002-2009,"['一個爹爹三個娃', '不能动', '归途', '殊途', '束縛（上）', '孤芳不自赏1', '如意蛋 上', '蝙蝠（上）', '束縛（下）', '犹记多情']",8.140173630600872,良好
浙江文艺出版社,68,8.123529411764705,8.123292591028838,556136,32.0,1988-2018,"['月亮与六便士', '变形记', '我所理解的生活', '三十六大', '当呼吸化为空气', '生吞', '回答不了', '尘曲', '很高兴见到你', '随遇而安', '我是个年轻人 我心情不太好', '绿山墙的安妮', '博尔赫斯小说集', '孩子们的诗', '我是猫', '平生欢', '十八春', '夜莺与玫瑰', '百年孤独', '人间失格', '局外人', '克苏鲁神话', '特别的猫', '道林·格雷的画像', '小径分岔的花园', '下面，我该干些什么', '活着活着就老了', '飘', '按自己的意愿过一生', '刀锋', '幻影书', '乌合之众', '孤独及其所创造的', '菊与刀', '想得美', '和喜欢的一切在一起', '性学三论', '云中人', '浮生六记', '老人与海', '纽约三部曲', '局外人', '易中天中华史：祖先', '蛙', '后宫·甄嬛传（套装共6册）', '在这复杂世界里', '虚构集', '易中天中华史：国家', '飘', '恶棍列传', '小于一', '我很好啊你怎么样', '青春', '欧·亨利短篇小说精选', '张大小姐', '少爷', '我所理解的生活', '消失的地平线', '飞鸟集', '丰乳肥臀', '永别了，武器', '午后曳航', '沥川往事（上下）', '全世爱Ⅲ', '博尔赫斯全集', '易中天中华史：魏晋风度', '檀香刑', '易中天中华史：三国纪']",8.13322012736878,良好
陕西人民出版社,4,7.95,7.961936791365851,20085,27.4,1996-2013,"['道德经精义', '怪谈', '女人明白要趁早', '女人明白要趁早']",8.13244621406912,一般
明天出版社,6,8.016666666666667,8.018480251767343,16117,19.85,2004-2008,"['水仙已乘鲤鱼去', '樱桃之远', '好饿的毛毛虫', '查理和巧克力工厂', '鲜花手术', '昼若夜房间']",8.132329008535947,良好
湖北少年儿童出版社,10,8.07,8.063465861994255,35831,25.0,2010-2013,"['斗破苍穹 2', '斗破苍穹', '全职高手1·放逐斗神', '斗破苍穹 1', '全职高手2·千机初芒', '全职高手3·副本风云', '斗破苍穹3·寻找异火', '全职高手4·满城追杀', '全职高手5·王牌对决', '全职高手6·神之领域']",8.132037486177772,良好
尖端出版,4,7.95,7.950764486177125,20591,399.0,2002-2009,"['暮光之城·新月', '暮光之城', 'GANTZ殺戮都市(01)', '暮光之城: 蝕']",8.129008581703358,一般
古吴轩出版社,3,7.866666666666667,7.870348631118051,23571,23.8,2005-2005,"['丑陋的中国人', '美食家', '葵花走失在1890 &amp; 黑猫不睡']",8.123758292565775,一般
鹭江出版社,4,7.925,7.9336378599721575,17800,37.9,2010-2017,"['中央帝国的财政密码', '席慕容诗集', '身体知道答案', '八卦艺术史']",8.123738850563367,一般
安徽教育出版社,5,7.959999999999999,7.964643062528674,14380,25.0,2007-2012,"['一个陌生女人的来信', '一个人不要怕', '让我去那花花世界', '放下。爱', '爱伦坡惊悚小说全集']",8.121233495005608,一般
广西师范大学出版社 群言出版社,3,7.833333333333333,7.840570807841499,6864,26.0,2013-2013,"['味道·第一宗罪', '味道·人民公社', '味道·味觉现象']",8.116313836746638,一般
广东旅游出版社,4,7.9,7.90459757225754,11889,29.8,1996-1996,"['白发魔女传', '萍踪侠影录', '云海玉弓缘（上下）', '七剑下天山']",8.114803377420408,一般
威向文化,5,7.94,7.94428595815729,12202,90.5,2003-2007,"['怎见浮生不若梦（上）', '晨曦 上', '无声深处', '鳳于九天之一魂落西雷', '被享用的男人']",8.113963100587258,一般
南方出版社,5,7.94,7.940786287726665,28327,28.0,2005-2012,"['假装的艺术', '金田一少年事件簿①', '新世界', '我，睡了，81个人的沙发', '看懂世界格局的第一本书']",8.112713218290605,一般
北方妇女儿童出版社,21,8.066666666666666,8.067469846124066,161095,29.8,2003-2015,"['我的路', '岁月是朵两生花', '花千骨（上下）', '我的路2', '阿狸·永远站', '有些事现在不做，一辈子都不会做了', '天子谋', '记得', '奈良美智·用小刀划开', '江山为聘', '小星星通信', '北海怪兽', '遇见一些人，流泪', '奈良美智横滨手稿', '乌龙院(1-6)', '知日·奈良美智', '倾国怨伶', '坏事多磨', '婚姻是女人一辈子的事', '月上重火之水落石出', '神奇手账']",8.10969734620135,良好
大然文化,5,7.92,7.924152716801825,24227,80.0,1992-2001,"['天使禁獵區', '白木蘭圓舞曲 01', '神風怪盜貞德 07 (完)', '芭蕾娃娃 01', '戀物語 01']",8.10677265724602,一般
浙江人民出版社,20,8.05,8.053054585638154,142409,48.95,2001-2020,"['最好的告别', '明朝那些事儿', '大数据时代', '大败局', '天空的另一半', '稀缺', '大败局Ⅱ', '简单的逻辑学', '游戏改变世界', '最后的耍猴人', '坡道上的家', '王二的经济学故事', '乱时候，穷时候', '清单革命', '人生十二法则', '精要主义', '系统之美', '将心注入', '有话说', '台湾这些年所知道的祖国']",8.10121190793787,良好
天地圖書,3,7.766666666666667,7.777653847164594,9432,55.0,1987-2003,"['圓舞', '花解語', '要多美麗，就多美麗']",8.100584596577411,一般
重庆大学出版社,3,7.766666666666666,7.773837014507079,10624,68.0,2011-2014,"['山本耀司：我投下一枚炸弹', '东京日和', '房间里的大象']",8.099630388413033,一般
汕头大学出版社,4,7.85,7.853545845961984,18994,26.5,2004-2010,"['自卑与超越', '失败之书', '六弄咖啡馆', '黑白异境']",8.099095153944852,一般
吉林文史出版社,12,8.016666666666667,8.01590648535438,142286,27.0,1999-2011,"['少有人走的路', '三杯茶', '男人来自火星 女人来自金星', '菜根谭', '少有人走的路Ⅱ', '这书能让你戒烟', 'FBI教你破解身体语言', '男人来自火星，女人来自金星', 'FBI教你读心术', '幽梦影', '易经', '少有人走的路']",8.098330068651794,良好
江西人民出版社,16,8.03125,8.032122834257853,91076,40.9,2015-2018,"['面纱', '如何有效阅读一本书', '罗曼蒂克消亡史', '人性的枷锁', '深度工作', '活下去的理由', '微习惯', '终身成长', '人间采蜜记', '生活，是很好玩的', '幸福课', '所以，一切都是童年的错吗？', '如何有效整理信息', '海子的诗', '冷暴力', '与神对话']",8.095520758622431,良好
甘肃人民美术出版社,5,7.88,7.8828062449393554,33805,35.0,2010-2017,"['爱的地下教育', '酥油', '李可乐抗拆记', '荒木经惟的天才写真术', '戴上手套擦泪']",8.092006060152281,一般
当代中国出版社,8,7.95,7.955726756897179,26067,28.0,2005-2011,"['空谷幽兰', 'MBA教不了的创富课', '逝去的武林', '幸福的方法', '你的第一本哲学书', '季羡林谈人生', '希腊', '恋物百科全书']",8.089403980741917,一般
民主与建设出版社,9,7.966666666666667,7.969494847223704,36506,39.8,2002-2019,"['耶路撒冷三千年', '金字塔原理', '曾国藩传', '断代', '曾国藩的正面与侧面', '幻想图书馆', '鱼羊野史·第3卷', '君子报恩', '经济学通识课']",8.08886151346936,一般
大众文艺出版社,7,7.928571428571429,7.931581637055364,24305,26.8,2003-2010,"['路从今夜白', '麦克白', '闪灵', '狼牙', '最后一颗子弹留给我', '冰是睡着的水', '日光微澜']",8.087195317301418,一般
北京时代华文书局,12,7.991666666666667,7.993603082085098,54607,45.0,2014-2019,"['绝对笑喷之弃业医生日志', '原生家庭', '醉步男', '死亡通知单·暗黑者', '伪装学渣', '佛祖都说了些什么?', '我决定活得有趣', '生活是很好玩的', '生命中最简单又最困难的事', '时间的形状', '死亡通知单2·宿命', 'AWM绝地求生 上册']",8.085585266783633,一般
中国友谊出版公司,43,8.055813953488371,8.058963867690029,862022,28.0,1999-2019,"['明朝那些事儿（壹）', '盗墓笔记', '明朝那些事儿（贰）', '明朝那些事儿（叁）', '盗墓笔记2', '明朝那些事儿（肆）', '盗墓笔记3', '明朝那些事儿（伍）', '盗墓笔记4', '盗墓笔记6', '盗墓笔记5', '庆余年·壹', '正见', '小王子', '重口味心理学', '北京法源寺', '请以你的名字呼唤我', '七根凶简', '庆余年·贰', '庆余年·陆', '你只是看起来很努力', '庆余年·叁', '庆余年·肆', '庆余年·伍', '无目的美好生活', '这么慢，那么美', '殉罪者', '你的孩子不是你的孩子', '恶心', '廉价哲学', '生命最后的读书会', '每一次相遇都是奇迹', '惜春纪', '47楼207', '李敖有话说', '歌舞伎町案内人', '非人哉', '青莲纪事1', '见风', '北京法源寺', '神了', '伯纳黛特，你要去哪', '每晚一个离奇故事2']",8.084798075540506,良好
陕西师范大学出版社,63,8.063492063492063,8.062779064477217,531132,25.0,2002-2016,"['杜拉拉升职记', '黄金时代', '京华烟云', '杜拉拉2华年似水', '月亮与六便士', '苏东坡传', '人气绘本天后高木直子作品典藏（全6册）', '不抱怨的世界', '浮沉', '普罗旺斯的一年', '每天懂一点色彩心理学', '一个人的第一次 第一次一个人旅行', '每天懂一点好玩心理学', '白银时代', '青铜时代', '病隙碎笔', '沉睡之城', '沉默的大多数', '天浴', '永远的普罗旺斯', '罗刹之国', '少女小渔', '30分老妈', '浮沉2', '大空城之夜', '金陵十三钗', '黑铁时代', '末日审判', '穿条纹衣服的男孩', '没有悲伤的城市', '生活的艺术', '吾国与吾民', '人生不过如此', '天使在人间', '东宫·西宫', '重返普罗旺斯', '一辈子做女孩', '蜡笔小新（全32册）', '150cm Life 2 &amp; 3', '理想国与哲人王', '幸福之路', '自深深处', '蝴蝶风暴', '无出路咖啡馆', '每夜一个骇故事', '赴宴者', '心', '真希望我20几岁就知道的事', '美丽新世界', '纳兰词典评', '霜降', '易经的奥秘', '第九个寡妇', '两宋风云', '小姨多鹤', '风声鹤唳', '职场动物进化手册', '有关品位', '一日江户人', '谁家有女初长成', '一间自己的房间', '假如你愿意你就恋爱吧', '走向新建筑']",8.080960203881942,良好
东方出版社,16,8.0,7.998106004567074,105749,28.0,1999-2019,"['匆匆那年（上下）', '匆匆那年', '活法', '郎咸平说：我们的日子为什么这么难', '刘心武揭秘红楼梦（第一部）', '花开半夏', '皮肤的秘密', '守望的距离：周国平散文集', '刘心武揭秘红楼梦（第二部）', '活法（修订版）', '郎咸平说：谁在谋杀中国经济', '易中天品读汉代风云人物', '活法', '八次危机', '伊凡·伊里奇之死', '南京浩劫']",8.073749987620333,一般
法律出版社,5,7.82,7.828491124703399,17407,34.0,2003-2011,"['读者', '容忍与自由', '西窗法雨', '在云端', '突然十年便过去']",8.072607802925154,一般
凤凰出版社,9,7.933333333333334,7.936197502275767,51572,29.8,2009-2013,"['古董局中局', '侯卫东官场笔记', '呼兰河传', '圣人请卸妆', '单向街 001', '侯卫东官场笔记2', '知日·书之国', '直到世界尽头', '侯卫东官场笔记3']",8.072212840995391,一般
江苏人民出版社,19,8.005263157894737,8.00689575992235,85672,28.0,2001-2014,"['只有医生知道!', '山楂树之恋', '我们', '初恋爱', '三国机密（上）', '一问一世界', '三国机密（下）', '宝贝，宝贝', '凯尔特的薄暮', '前世今生：16堂生死启蒙课', '伤花怒放', '中国在梁庄', '《父与子》全集', '单行道', '像一块滚石', '中国足球内幕', '此地无人生还', '我们台湾这些年2', '爱如指间沙']",8.071609751998565,良好
鲜欢文化,3,7.633333333333333,7.646131708185636,6994,,2005-2006,"['兄友弟攻（上）', '无处可寻', '期待度']",8.067704061832671,一般
中华工商联合出版社,3,7.633333333333334,7.640317801065063,11611,39.0,2009-2011,"['货币战争2:金权天下', '货币战争3', '三双鞋']",8.06625058505253,一般
山东人民出版社,6,7.816666666666666,7.826209745124025,43103,48.0,2006-2009,"['设计中的设计', '负建筑', '巴黎手作创意人', '不持有的生活', '时装时刻1987-2007', '设计东京']",8.05542080587862,一般
内蒙古人民出版社,8,7.875,7.881115889333311,60603,23.5,2003-2008,"['NANA（1-13）', '青春酷语（第四辑）', '城市猎人', '凉生，我们可不可以不忧伤', '人间词话手稿本全编', '心素如简', '花雨青春酷语（第五辑）', '青春酷语 第七辑']",8.054292984241272,一般
金城出版社,3,7.533333333333334,7.544466785416791,10534,35.8,2005-2018,"['如何掌控自己的时间和生活', '鬼吹灯之牧野诡事', '科比自传']",8.04228783114046,一般
天津教育出版社,12,7.908333333333334,7.906975278052229,127229,23.8,2005-2010,"['人生若只如初见', '怪诞心理学', '当时只道是寻常', '思无邪', '分手信', '小王子', '我与狗狗的十个约定', '先知', '好好爱自己', '她们谋生亦谋爱', '食品真相大揭秘', '小王子']",8.036083664479138,一般
华艺出版社,10,7.87,7.874193345333151,63019,34.0,1992-2018,"['行者无疆', '大唐双龙传', '寻秦记', '功夫', '痛并快乐着', '不过如此', '苦难辉煌', '岩松看日本', '王朔文集（纯情卷）', '覆雨翻云']",8.032420372145614,一般
武汉出版社,10,7.85,7.853474685431129,78375,29.8,2011-2016,"['人间失格', '如丧', '不要让未来的你，讨厌现在的自己', '菊与刀', '边城', '人间失格', '中国近代史', '谁的等待，恰逢花开', '当你的才华还撑不起你的梦想时', '将夜之花开彼岸天']",8.021515814302443,一般
南海出版公司,310,8.009032258064517,8.010515350191415,6088938,28.0,1998-2020,"['解忧杂货店', '白夜行', '嫌疑人X的献身', '百年孤独', '白夜行', '恶意', '许三观卖血记', '活着', '霍乱时期的爱情', '窗边的小豆豆', '放学后', '牧羊少年奇幻之旅', '1Q84 BOOK 1', '当我谈跑步时我谈些什么', '幻夜', '1Q84 BOOK 2', '你当像鸟飞往你的山', '嫌疑人X的献身', '彼岸花', '嫌疑人X的献身', '长恨歌', '1Q84 BOOK 3', '时生', '岛', '二三事', '恶意', '没有色彩的多崎作和他的巡礼之年', '流星之绊', '新参者', '小狗钱钱', '巴别塔之犬', '祈祷落幕时', '雪国', '偷书贼', '宿命', '在细雨中呼喊', '新参者', '变身', '了不起的盖茨比', '面包树上的女人', '金色梦乡', '单恋', '一桩事先张扬的凶杀案', '没有人给他写信的上校', '恶意', '分身', '华莱士人鱼', '告别薇安', '佐贺的超级阿嬷', '我的职业是小说家', '彷徨之刃', '名侦探的守则', '红手指', '眠', '黑笑小说', '谁杀了她', '红手指', '假面饭店', '找死的兔子', '再见了，可鲁', '圆舞', '一光年的距离有多远', '从前我死去的家', '蛤蟆的油', '失明症漫记', '大萝卜和难挑的鳄梨', '情书', '三个A Cup的女人', '毒笑小说', '时生', '富爸爸穷爸爸', '怪笑小说', '苦妓回忆录', '枯枝败叶', '窗边的小豆豆', '空谷幽兰', '圣女的救济', '沉默的巡游', '千只鹤', '20几岁，决定女人的一生', '失落的一角', '维罗妮卡决定去死', '秘密', '彷徨之刃', '潜水钟与蝴蝶', '同级生', '水知道答案', '超·杀人事件', '沉睡的森林', '彼岸花', '蒂凡尼的早餐', '阴阳师', '火车', '流星之绊', '我杀了他', '杀人之门', '德川家康（第一部）', '米格尔街', '假面饭店', '世上最美的溺水者', '爱情和其他魔鬼', '平行世界·爱情故事', '活着为了讲述', '时间的针脚', '放学后', '毕业', '我在雨中等你', '天黑以后', '无比芜杂的心绪', '黎明之街', '喜宝', '蓝另一种蓝', '名侦探的诅咒', '猫国物语', '当我谈跑步时，我谈些什么（2015典藏版）', '荷包里的单人床', '古都', '姐姐的守护者', '二十首情诗和一首绝望的歌', '流浪的面包树', '悖论13', '面包树出走了', '夏天、烟火和我的尸体', '漫长的告别', '了不起的盖茨比', '在黑暗的河流上', '当我谈跑步时，我谈些什么', '北岛诗歌集', '我的前半生', '风声', '袭击面包店', '霍乱时期的爱情', '白夜行', '麒麟之翼', '只差一个谎言', '麒麟之翼', '你想活出怎样的人生', '骆驼祥子', '四个春天', '梦中的欢快葬礼和十二个异乡故事', '赎罪', '假面前夜', '假如真有时光机', '点与线', '礼拜二午睡时刻', '我的晃荡的青春', '自由', '谋杀似水年华', '爱吃沙拉的狮子', '菊花香', '月亮与六便士', '恶时辰', '失落的一角遇见大圆满', '砂器', '一天', '卖海豚的女孩', '金字塔原理', '蝴蝶过期居留', '然后，我就一个人了', '流金岁月', '燕尾蝶', '有如走路的速度', '她比烟花寂寞', '百年孤独', '伊豆的舞女', '黎明之街', '猜火车', '布鲁特斯的心脏', '魔法蛋糕店', '美丽的凶器', '财务自由之路', '情书', '族长的秋天', '为了N', '模仿犯BOOK1', '晨间日记的奇迹', '浪花少年侦探团', '红高粱家族', '连环', '茶馆', '睡美人', '透明的哀伤', '德川家康（第二部）', '午夜凶铃', '心的1/2', '南方高速', '小狗钱钱2', '我讨厌妈妈', '凶心人', '空中杀人现场', '拍电影时我在想的事', '又来了，找死的兔子', '鸟人计划', '死神的精确度', '精神科的故事：在游泳池', '深河', '禅的行囊', '迷宫中的将军', '涡虫', '爱心树', '起风了', '巴别塔之犬', '小时候就在想的事', '恐妻家', '冷血', '雕刻时光', '务虚笔记', '我不是来演讲的', '山音', '歪笑小说', '人淡如菊', '一个海难幸存者的故事', '毒木圣经', '阴阳师·飞天卷', '槭树下的家（席慕蓉作品典藏版）', '漫长的中场休息', '普罗旺斯的一年', '魔球', '零的焦点', '永不永不说再见', '线', '戴珍珠耳环的少女', '德川家康（第三部）', '铁牛重现', '天黑前的夏天', '喜欢你', '本阵杀人事件', '海鸥乔纳森', '金字塔原理', '冷血', '佐贺的超级阿嬷', '隐之书', '天若有情', '离别之音', '我坐在彼德拉河畔，哭泣', '我是开豆腐店的，我只做豆腐', '老师的提包', '大雪将至', '关于莉莉周的一切', '寻找时间的人', '番石榴飘香', '阳光劫匪', '百年孤独', '阴阳师·凤凰卷', '模仿犯BOOK3', '死神的浮力', '模仿犯BOOK2', '沉默', '蛤蟆的油', '理由', '分身', '阴阳师·生成姬', '侦探俱乐部', '子猫絮语', '丈量世界', '德川家康（第四部）', '阴阳师·付丧神卷', '深河', '情人无泪', '阴阳师·龙笛卷', '31岁又怎样', '维罗妮卡决定去死', '疑问集', '坏种子', '萤火虫之墓', '开到荼縻', '水知道答案', '孩子们', '火车', '精神科的故事：空中秋千', '摩登时代', '我爱比尔', '大河湾', '狱门岛', '深夜小狗神秘事件', '亲爱的提奥', '礼物', '午夜凶铃2：复活之路', '如何阅读一本小说', '学生街的日子', '西尔斯亲密育儿百科', '盛夏方程式', '隔离岛', '回归', '如何阅读一本文学书', '阁楼上的光', '垃圾筐电影院', '地狱变', '点与线·零的焦点', '碎片，令人怀念的1980年代', '天生就会跑', '丢三落四的小豆豆', '沉默', '杀手界', '罪行', '假面之夜', '那年的梦想', '魔王', '朝圣', '蓝狗的眼睛', '波多贝罗的女巫', '我在秘密生长', '伊甸园的鹦鹉', '玫瑰的故事', '住宅设计解剖书', '恋爱写真', '午夜凶铃3：永生不死', '德川家康（第五部）', '环界1', '阴阳师·太极卷']",8.016093455099604,良好
作家出版社,141,8.000709219858155,8.002519928210132,2039474,25.0,1987-2018,"['活着', '三重门', '苏菲的世界', '莲花', '素年锦时', '八月未央', '许三观卖血记', '陆犯焉识', '像少年啦飞驰', '苏菲的世界', '蔷薇岛屿', '水仙已乘鲤鱼去', '人间失格', '小姨多鹤', '云中歌1', '兄弟', '千年一叹', '通稿2003', '棋王', '檀香刑', '活着', '十爱', '俗世奇人', '阿麦从军：全新修订版', '梦幻花', '云中歌3', '在细雨中呼喊', '第九个寡妇', '遥远的救世主', '生死疲劳', '云中歌2', '葵花走失在1890', '兄弟', '我爱问连岳', '八月未央（修订版）', '木槿花西月锦绣1', '素年锦时', '暖暖', '长恨歌', '霜冷长河', '失乐园', '生命中不能承受之轻', '借我一生', '可爱的骨头', '陆犯焉识', '好妈妈胜过好老师', '海子诗全集', '饥饿游戏', '雪落香杉树', '蝴蝶公墓', '秦腔', '陌上花开缓缓归', '废都', '黄雀记', '活着', '昆虫记', '三重门', '我爱问连岳Ⅱ', '素年锦时', '千年一叹', '我的千岁寒', '饥饿游戏2：燃烧的女孩', '木槿花西月锦绣3', '饥饿游戏3：嘲笑鸟', '木槿花西月锦绣2', '蛙', '沉沦', '天堂向左，深圳往右', '纸牌的秘密', '沿着塞纳河到翡冷翠', '男生贾里 女生贾梅', '十八岁出门远行', '伤心咖啡店之歌', '许三观卖血记', '常识与通识', '比我老的老头', '来来往往', '男人这东西', '小姨多鹤', '我爱问连岳Ⅲ', '上海的金枝玉叶', '丰乳肥臀', '许三观卖血记', '今朝风日好', '现实一种', '哈佛女孩刘亦婷', '霜冷长河', '超新星纪元', '女人这东西', '朱雀', '主角', '小王子', '驻京办主任', '新结婚时代', '山河入梦', '苏菲的世界', '兄弟', '一个人张灯结彩', '草房子', '不散的宴席', '偷窥一百二十天', '红高粱', '关于方文山的素颜韵脚诗', '首届全国新概念作文大赛获奖作品选（全二册）', '高兴', '一个人的KTV', '天幕红尘', '苏菲的世界', '威尼斯日记', '男人的一半是女人', '俗世奇人·贰', '我喜欢生命本来的样子', '第二届全国新概念作文大赛获奖作品选', '小丫林晓梅', '在细雨中呼喊', '女生日记', '人皮论语', '糖衣', '小姨多鹤', '闲话闲说', '医生杜明', '玉观音', '黄昏里的男孩', '女生日记', '猪和蝴蝶', '关于方文山的素颜韵脚诗', '欲情课', '男生日记', '来去自由', '饥饿游戏三部曲', '七里香', '五·三班的坏小子', '八月未央', '陆犯焉识', '生命册', '小二黑结婚', '白鹿原', '熬至滴水成珠', '复乐园', '三重门', '燕子']",8.014862423300425,良好
同心出版社,7,7.757142857142857,7.764602049415761,27916,29.8,2005-2013,"['中国人史纲（上中下）', '高智商犯罪', '史玉柱自述', '邪恶催眠师', '记事本圆梦计划', '半生为人', '花间一壶酒']",8.014141747709093,一般
东方出版中心,6,7.7,7.701564145818247,116961,25.0,1992-2018,"['文化苦旅', '爱与痛的边缘', '文化苦旅', '生命的不可思议', '这个世界会好吗', '送你一颗子弹']",8.005562566156309,一般
青岛出版社,14,7.857142857142857,7.862008228585377,63319,38.5,2005-2017,"['情人', '心', '打火机与公主裙·荒草园', '忍冬', '在世界中心呼唤爱', '银河铁道之夜', '格格不入', '开封志怪（全三册）', '四月间事', '东京塔', '将门嫡女之定乾坤', '只因暮色难寻', '鬼吹灯全集', '失乐园']",7.997485600766541,一般
海南出版社,28,7.928571428571429,7.9279642236490835,194384,35.0,1996-2020,"['秘密', '漫长的告别', '侦探伽利略', '湖边凶杀案', '那些忧伤的年轻人', '预知梦', '半小时漫画中国史2', '安妮日记', '余罪', '半小时漫画中国史3', '股票作手回忆录', '半小时漫画经济学', '用我一辈子去忘记', '余罪2', '80℃ 第1、2册', '一天', '大话西方艺术史', '隐蔽的秩序', '半小时漫画经济学2：金融危机篇', '金融炼金术', '余罪3', '大唐狄公案', '半小时漫画中国史4', '禅者的初心', '次第花开', '余罪4', '80℃（3、4）', '人类砍头小史']",7.996136537286743,一般
平心工作室,7,7.7,7.71011759935156,49026,330.0,2016-2017,"['魔道祖師 一', '魔道祖師 二', '魔道祖師 三', '人渣反派自救系統 上', '魔道祖師 四', '人渣反派自救系統 下', '人渣反派自救系統 中']",7.990304800806005,一般
山西人民出版社,12,7.816666666666666,7.824588890719802,37336,28.0,2007-2012,"['风起陇西', '被劫持的私生活', '直面内心的恐惧', '中国好人', '丧家狗', '财报就像一本故事书', '帝国最后的荣耀', '性别战争', '七日谈', '墨菲定律', '不必读书目', '中国人史纲（上下）']",7.989005728860608,一般
北京联合出版公司,127,7.969291338582678,7.971691708041849,931958,45.0,2011-2019,"['房思琪的初恋乐园', '一个人的朝圣', '天才在左 疯子在右（完整版）', '步履不停', '撒野', '失乐园', '拉普拉斯的魔女', '沉睡的人鱼之家', '哲学家们都干了些什么', '藏海花', '清明上河图密码', '孤独小说家', '寂寞的游戏', '古董局中局 3', '镖人', '古董局中局 4', '小偷家族', '灯塔', '白金数据', '唐朝穿越指南', '美国众神', '秘密花园', '阅读是一座随身携带的避难所', '默读.2', 'OPUS 作品', '我们为什么会分手？', '存在主义咖啡馆', '而立·24', '默读.3', '睡眠革命', '北海怪兽', '知行合一王阳明（1472—1529）', '我要快乐，不必正常', '坏血', '镖人', '鞋狗', '葡萄牙的高山', '散步去', '那些古怪又让人忧心的问题', '告白与告别', '清明上河图密码 2', '过得刚好', '奇迹', '尸人庄谜案', '一个人的朝圣2', '在难搞的日子笑出声来', '为何家会伤人（升级版）', '无所畏', '我在未来等你', '比海更深', '蓝色小药丸', '天生有罪', '镖人', '橘子不是唯一的水果', '为何爱会伤人', '上帝掷骰子吗?', '假如岁月足够长', '所谓情商高，就是会说话', '说部之乱', '清明上河图密码3', '迷人的材料', '大江东去', '遗产', '小顾聊神话', '危险的维纳斯', '镖人', '方向', '醒来的女性', '在宇宙间不易被风吹散', '非平面', '清明上河图密码4', '清明上河图密码5', '女人明白要趁早之三观易碎', '北京女子图鉴', '忧伤的时候，到厨房去', '建筑师', '晓说', '镖人', '梵高手稿', '子弹笔记', '我在底层的生活', '罗辑思维：成大事者不纠结', '小顾聊绘画·文艺复兴', '梦的化石', '画的秘密', '成化十四年', '古董局中局', '手机里的男朋友', '认识电影：全彩插图第12版', '远见', '这里', '赴宴之前', '时差党', '此间的少年', '万物：创世', '奇特的一生', '镖人', '马伯庸笑翻中国简史', '本书书名无法描述本书内容', '肠子', '悟空传', '妖猫传', '黑猫侦探 1：阴影之间', '这世界如露水般短暂', '当我遇见一个人', '掌控习惯', '我的脖子让我很不爽', '动物农场', '小学问', '高敏感是种天赋', '地理学与生活', '古董局中局 大全集', '恋爱口语', '疼', '眨眼之间', '镖人', '白岩松', '麦肯锡教我的写作武器', '氯的滋味', '零秒思考', '肚子饿万岁', '黑暗的左手', '我遇见了人类', '时间的果', '颠覆者', '妖猫传 1', '烧火工']",7.987344856902574,一般
现代出版社,28,7.910714285714286,7.913800038950133,225094,28.5,2002-2017,"['华胥引（全二册）', '我的错都是大人的错', '蓝石头', '盛夏的方程式', '那些年，我们一起追的女孩', '履历表', '夜玫瑰', '遗失了一只猫', '大家都有病', '华胥引', '疾风回旋曲', '失乐园1', '小蝴蝶小披风', '走向春天的下午', '七号房的礼物', '风雪追击', '失乐园Ⅲ：秘密花开了', '恋爱的贡多拉', '星空', '失乐园2', '绝对小孩2', '恋之风景', '失乐园 IV：魔法失灵了', '财务自由之路', '失乐园-奇迹迷路了', '一个人私奔', '生死遗言', '不辞冰雪为卿热（全2册）']",7.985417694811861,一般
中信出版社,261,7.973946360153256,7.975607930565244,1662823,39.0,2001-2022,"['人类简史', '史蒂夫·乔布斯传', '货币战争', '失恋33天', '谁动了我的奶酪？', '世界因你不同', '别相信任何人', '从0到1', '原则', '你的孤独，虽败犹荣', '谁的青春不迷茫', '人类简史', '背包十年', '东京一年', '像我这样笨拙地生活', '迟到的间隔年', '他们最幸福', '娱乐至死', '怪诞行为学', '向前一步', '二手时间', '思考，快与慢', '怪诞行为学', '自私的基因', '伟大的博弈', '长尾理论', '小顾聊绘画·壹', '激荡十年，水大鱼大', '流血的仕途', '异类', '人生需要揭穿', '小家，越住越大', '激荡三十年', '论中国', '我就是想停下来，看看这个世界', '野蛮生长', '我所有的朋友都死了', '参与感', '消失的爱人', '薛兆丰经济学讲义', '我不要你死于一事无成', '好好说话', '美国种族简史', '黑天鹅', '反脆弱', '众病之王', '习惯的力量', '海底捞你学不会', '清醒思考的艺术', '创业维艰', '硅谷钢铁侠', '水煮三国', '赢', '最好金龟换酒', '重来', '搭车去柏林', '当下的力量', '异类', '引爆点', '我的朋友陈白露小姐', '贫穷的本质', '小顾聊绘画·贰', 'S.', '谁动了我的奶酪？', '当下的力量', '重新定义公司', '穷查理宝典', '泛若不系之舟', '公正', '黑旗', '心流', '智能时代', '就想开间小小咖啡馆', '30岁前别结婚', '追随她的旅程', '谁动了我的奶酪?-纪念版', '指数基金投资指南', '罗马人的故事1', '黑天鹅', '好好学习', '不如去死', '双生水莽', '东京塔', '我们去哪儿', '十年', '睡不着', '变量', '小岛经济学', '见识', '思维导图', '精益创业', '一个人的电影', '从优秀到卓越', '薛兆丰经济学讲义', '周鸿祎自述', '柔软', '跌荡一百年（下）', '怪诞行为学2', '褚时健传', '一个广告人的自白', '跃迁', '切尔诺贝利的祭祷', '蒋介石与现代中国', '十年一觉电影梦', '跌荡一百年（上）', '基业长青', '催眠师手记', '未来简史', '打工旅行', '我想跟你走', '投资最重要的事', '古董衣情缘', '异兽志', '态度', '激荡三十年', '随机漫步的傻瓜', '独自上场', '流血的仕途·终结版', '杰克·韦尔奇自传', '给孩子的诗', '道路与梦想', '光荣与梦想（套装共4册）', '旅行与读书', '见识', '进击的智人', '那个姐姐教我们的事', '藏地白皮书·十年爱情见证版', '我是个妈妈，我需要铂金包', '我的成功可以复制', '设计心理学', 'OKR工作法', '知日·断舍离', '南京大屠杀', '沃顿商学院最受欢迎的谈判课', '认知天性', '向着光亮那方', '知日·猫', '免费', '蒋勋说宋词', '意志力', '上瘾五百年', '祖国的陌生人', '小家，越住越大2', '情商', '流量池', '变革中国', '别告诉我你会记笔记', '基因传', '罗马人的故事2', '史蒂夫·乔布斯传（修订版）', '黄瓜的黄 西瓜的西', '当你途经我的盛放', '跟巴黎名媛学到的事', '蒋勋说唐诗', '一课经济学', '火车上的女孩', '建筑家安藤忠雄', '说谎者的扑克牌', '世界与你无关', '引爆点', '我的应许之地', '风雨哈佛路', '所有我们看不见的光', '上瘾', '思考的技术', '设计心理学', '从零开始做运营', '一切都是最好的安排', '品牌洗脑', '滚雪球（上）', '低智商社会', '赖声川的创意学', '万物的签名', '增长黑客', '我的100件时尚单品', '创新者的窘境', '活着就为改变世界', '完美关系的秘密', '搞定', '把青春唱完1990-1999', '老女孩', '幸福的方法', '当下的力量（珍藏版）', '21世纪资本论', '演讲的力量', '关于上班这件事', '社会动物', '往复书简', '第五项修炼', '知日!知日！这次彻底了解日本 01', '尽管去做', '追逐日光', '不在他方', '以幽默的方式过一生', '世界秩序', '草原动物园', '只剩一个角落的繁华', '穿越百年中东', '浩荡两千年', '伊甸樱桃', '浅薄', '伟大的博弈', '什么事都在发生', '音乐即自由', '爱在黎明破晓前&amp;爱在日落黄昏时', '专业主义', '知日·妖怪', '为他准备的谋杀', '莫失莫忘', '庆熹纪事', '最重要的事，只有一件', '白骨精学习法', '罗马人的故事3', '引爆点', '大空头', '巴菲特传', '旧山河', '有呀有呀书店', '沸腾十五年', '人人都有妄想症', '李光耀论中国与世界', '欢喜', '对冲基金风云录', '哪来的天才？', '激荡三十年：中国企业1978~2008. 上', '三万英尺', '中国的经济制度', '极简人类史', '贫穷的本质', '创京东', '商业的本质', '水流云在', '创业时', '知日·铁道', '你当温柔，却有力量', '小岛经济学', '公正', '向死而生', '吴敬琏传', '最危险的厕所和最美丽的星空', '科技想要什么', '金钱有术', '你的第一本哲学书', '东京塔', '罗马人的故事4', '公正', '童年的消逝', '一只狼在放哨', '青苔不会消失', '滚雪球（下）', '小说课（壹）', '支付战争', '智能商业', '罗马人的故事（礼品装，全15册）', '哲学·科学·常识', '认知突围：做复杂时代的明白人', '刷新', '知日·了不起的推理', '谁在世界中心', '谁说大象不能跳舞？', '联盟']",7.983361938870236,一般
江苏凤凰文艺出版社,79,7.951898734177216,7.954365017895951,752233,45.0,2013-2019,"['岛上书店', '无声告白', '巨人的陨落', '永恒的终结', '世界的凛冬', '半小时漫画中国史（修订版）', '神们自己', '精进', '半小时漫画世界史', '小小小小的火', '簪中录', '独居的一年', '孤独深处', '时间移民', '高兴死了！！！', '恋情的终结', '永恒的边缘', '破云', '棋王·树王·孩子王', '局外人', '圣殿春秋', '玛格丽特小镇', '曾少年', '沙丘', '神经漫游者', '罗生门', '韭菜的自我修养', '2018', '我们一无所有', '天才基本法', '夏摩山谷', '银河帝国：基地七部曲', '人类群星闪耀时', '半小时漫画唐诗', '打火机与公主裙·长明灯', '簪中录2', '百年法', '所罗门的伪证', '与罗摩相会', '簪中录4', '你一年的8760小时', '簪中录3', '遮蔽的天空', '乡下人的悲歌', '万花筒：南烛', '十二年故人戏', '太年轻', '时光倒流的女孩', '命运：文在寅自传', '北欧众神', '人间失格', '致我们单纯的小美好', '活着本来单纯', '残次品', '罗生门', '夜色人生', '好的孤独', '极简生活', '苹果酒屋的规则', '密室收藏家', '只有医生知道！3', '天谴者', '寻找时间的人', '狼行成双', '人类灭绝', '慢煮生活', '我的鸵鸟先生', '年少荒唐', '你不懂咖啡', '成龙：还没长大就老了', '朝闻道', '成功的聪明人太多了，我必须为笨蛋争口气！', '东宫', '命运的内核', '昨夜的咖喱，明日的面包', '孤城闭', '遍地风流', '致我们暖暖的小时光', '银河帝国 ：基地']",7.980328295809264,一般
文化艺术出版社,26,7.8961538461538465,7.89965362622715,188211,28.4,1997-2013,"['我的精神家园', '失乐园', '佛祖在一号线', '走吧，张小砚', '男人这东西', '落花时节又逢君', '厨房里的人类学家', '大漠苍狼', '鸟，看见我了', '不负如来不负卿', '水问', '羽·青空之蓝', '私语书', '怒江之战', '雅舍小品', '爱的流放地', '理想丰满', '女儿红', '十二味生活设计', '只为爱', '奥汀的祝福', '羽·赤炎之曈', '鲁宾逊漂流记', '明室', '海妖', '结爱·异客逢欢']",7.979001368552602,一般
新星出版社,168,7.958333333333333,7.962447222069598,966093,28.5,2005-2021,"['第七天', '无人生还', '占星术杀人魔法', '东方快车谋杀案', '无人生还', '北野武的小酒馆', '悲观主义的花朵', '罗杰疑案', '冬牧场', '余生皆假期', '漫长的告别', '失控', '橘子不是唯一的水果', '小时候', 'X的悲剧', '琥珀·恋爱的犀牛', '尼罗河上的惨案', '自由在高处', 'ABC谋杀案', '孔雀森林', '斜屋犯罪', 'Y的悲剧', '向日葵不开的夏天', '喜鹊谋杀案', '异邦骑士', '希腊棺材之谜', '占星术杀人魔法', '霸王别姬', '八百万种死法', '解体诸因', '十九岁的时差', '重新发现社会', '如何成为一个怪物', '一朵桔梗花', '爸爸爱喜禾', '剪刀男', '一首小夜曲', '死了七次的男人', '斯泰尔斯庄园奇案', '阿勒泰的角落', '钟表馆事件', '我的抑郁症', '一个村庄里的中国', '脑髓地狱', '饺子', '杀戮之病', '奇想·天动', '十角馆事件', '北方夕鹤2/3杀人事件', '五只小猪', '今日店休', '青蛇', '人间椅子', 'Happy Birth Day', '明天也是小春日和', '起风了', '重力小丑', '我的团长我的团（上部）', '光明皇帝', '帷幕', '不然你搬去火星啊', '不说，就真来不及了', '阳光下的罪恶', 'Z的悲剧', '布谷鸟的蛋是谁的', '钟表馆事件', '胭脂扣', '阴兽', '黑暗坡食人树', '我的团长我的团（下部）', '第七重解答', '我的造梦之路', '悬崖山庄奇案', '御手洗洁的问候', '停车暂借问', '希腊棺材之谜', '谣言粉碎机', '圣母', '时间回旋', '我是你流浪过的一个地方', '斜屋犯罪', '时间的形状', '哲学的故事', '第七天', 'D坂杀人事件', '寝台特急1/60秒障碍', '底牌', '长眠不醒', '寄居者', '家鸭与野鸭的投币式寄物柜', '眩晕', '人间是剧场', '人骨拼图', '大英博物馆世界简史（全3册）', '奥杜邦的祈祷', '倒错的死角', '推理竞技场', '百年好合', '艾比斯之梦', '乌鸦的拇指', '解体诸因', '东野圭吾的最后致意', '写在身体上', '哲瑞·雷恩的最后一案', '十角馆事件', '走夜路请放声歌唱', '两分铜币', '迷宫馆事件', '沙漠', '死了七次的男人', '高尔夫球场命案', '姑洗徵舞', '螺丝人', '一首朋克救地球', '太和舞', '长夜', '中国橘子之谜', '异邦骑士', '神的逻辑，人的魔法', '鸦', '看海的人', '俗话说', '黑死馆杀人事件', '有翼之暗', '出云传说7/8杀人事件', '南吕羽舞', 'X的悲剧', '汽油生活', '送神舞', '凛冬之棺', '敲响密室之门', '人生何处不尴尬', '莎拉的钥匙', '钧天舞', '太簇角舞', '古拉格：一部历史', '八百万种死法', '太傻十日谈', '水泥花园', '人生永远没有太晚的开始', '东方快车谋杀案', '谋杀启事', '好人难寻', '盘上之敌', '祀风师乐舞', '人性记录', '古书之美', '给理想一点时间', '水车馆事件', '暗影38万', '自由在高处（增订版）', '梵高生活', '宵待草夜情', '倒错的轮舞', '血字的研究', '向日葵不开的夏天', '带着鲑鱼去旅行', '刺青杀人事件', '云中命案', '父之罪', '荒野猎人', 'Y之构造', '她死去的那一晚', '给樱桃以性别', '独眼少女', '孤岛之鬼', '法国粉末之谜', '京都山居生活']",7.974944558899026,一般
北岳文艺出版社,15,7.819999999999999,7.829515202946566,245887,21.0,1994-2008,"['边城', '不负如来不负卿1', '不负如来不负卿Ⅱ·大结局', '穿越与反穿越', '湘行散记', '金粉世家（上下）', '鹤唳华亭', '人与永恒', '张爱玲作品集', '龙日一，你死定了', '全部成为F', '各自的朝圣路', '风中的纸屑', '飞刀，又见飞刀', '恶魔之吻1']",7.971532569234735,一般
上海财经大学出版社,4,7.3999999999999995,7.416493080150124,11889,39.849999999999994,2011-2014,"['时寒冰说', '乔布斯传', '微博：改变一切', '时寒冰说：未来二十年，经济大趋势（现实篇）']",7.964617379848896,一般
天津人民出版社,75,7.925333333333333,7.9284794099219535,755712,29.0,2003-2019,"['情书', '皮囊', '你今天真好看', '清醒纪', '关于莉莉周的一切', '小王子', '浮生六记', '外婆的道歉信', '我可以咬一口吗', '蔷薇岛屿', '青蛇', '燕尾蝶', '雪国', '故事', '镜·神寂', '月亮和六便士', '人性的弱点', '清单人生', '海上牧云记', '我与世界只差一个你', '人间失格', '镜·龙战', '镜·双城', '同学少年都不贱', '悉达多', '镜·辟天', '局外人', '了不起的盖茨比', '镜·破军', '一见你就好心情', '镜·织梦者', '时间的礼物', '我的生活不可能那么坏', '女王乔安', '世界上所有童话都是写给大人看的', '荷包里的单人床', '我在云上爱你', '呼兰河传', '老师好美', '雪地里的蜗牛奄列', '伊豆的舞女', '流波上的舞', '我们都是丑小鸭', '人类群星闪耀时', '欢喜', '老人与海', '红与黑', '成事', '洛神红茶（痞子蔡）', '吸血盟1：蓝蝴蝶之吻', '不成问题的问题', '人间滋味', '湖畔杀人事件', '世界尽头的咖啡馆', '思念里的流浪狗', '生命不息，折腾不止', '故事', '万物生长', '窄门', '面包树上的女人', '故事新编', '穗子', '御伽草纸', '相逢', '沉香', '人间草木', '三个A Cup的女人', '我是你爸爸', '1988：我想和这个世界谈谈', '呐喊', '后来时间都与你有关', '水知道答案2', '刻骨的爱人', '帝国政界往事', '超级符号就是超级创意']",7.958452492399782,一般
太白文艺出版社,14,7.792857142857143,7.796905479933914,57214,26.0,2001-2012,"['斗罗大陆（全14卷）', '我的波塞冬', '盘龙（1～10部）', '琴帝', '茅山后裔1', '凡人修仙传（1-10）', '回到明朝当王爷', '小李飞刀系列', '茅山后裔4', '茅山后裔2', '性学三论・爱情心理学', '楚留香传奇系列', '茅山后裔3', '遮天1·九龙拉棺']",7.957857840717824,一般
当代世界出版社,28,7.875,7.874102861335323,342746,25.0,2002-2010,"['左耳', 'ZOO', '圣女的救济', '沙漏', '左耳', '有一天啊，宝宝……', '那些男孩教我的事', '夏天·烟火·我的尸体', 'LA流浪记', '暗黑童话', '伽利略的苦恼', '沙漏II', '平面狗', '沙漏Ⅲ', '死神的精确度', '重力小丑', '天帝妖狐', '一个人漂泊的日子①', '美容大王', '第八号当铺', '一个人漂泊的日子2', '拜伦 雪莱 济慈 抒情诗精选集', '开膛手杰克的百年孤寂', '瓦尔登湖', '三毛经典作品（上下）', '可不可以不要上学', '菊与刀(插图评注版）', '席慕蓉经典作品']",7.955376587427681,一般
花山文艺出版社,32,7.878125,7.88106932925341,263968,25.0,2006-2016,"['那些年，我们一起追的女孩', '绾青丝Ⅰ', '后宫·甄嬛传Ⅰ', '绾青丝Ⅲ', '绾青丝Ⅱ', '楼下的房客', '绾青丝Ⅳ（上）', '绾青丝Ⅳ（下）', '骄阳似我', '后宫·甄嬛传Ⅲ', '后宫·甄嬛传Ⅱ', '步步惊心（上下）', '诛仙8（大结局）', '诛仙7', '微微一笑很倾城（典藏版）', '历史是个什么玩意儿2', '士兵突击', '诛仙全集（全六册）', '午门囧事Ⅰ', '衣香鬓影', '午门囧事Ⅱ', '蝴蝶梦', '浮生梦', '衣香鬓影2·千秋素光同', '午门囧事Ⅲ·午门篇', '凤血', '明月照人来', '新宋·十字1', '你是我学生又怎样', '门', '大清相国', '时光尽头']",7.952884686671812,一般
安徽文艺出版社,16,7.8,7.80664904226963,261640,27.4,1992-2015,"['鬼吹灯之精绝古城', '鬼吹灯之云南虫谷', '鬼吹灯之龙岭迷窟', '鬼吹灯之昆仑神宫', '鬼吹灯Ⅱ之一·黄皮子坟', '鬼吹灯Ⅱ之二·南海归墟', '鬼吹灯Ⅱ之三·怒晴湘西', '鬼吹灯Ⅱ之四巫峡棺山', '张爱玲文集', '饺子', '杀手', '贼猫', '一个女人一生中的二十四小时', '谜踪之国 I', '她死在QQ上', '毛姆传']",7.951217531749968,一般
四川文艺出版社,18,7.811111111111111,7.817570645030991,124046,42.4,2011-2019,"['一个叫欧维的男人决定去死', '无羁', '宇宙超度指南', '冷场', '一个叫欧维的男人决定去死', '被嫌弃的松子的一生', '熊镇', '琅琊榜（全三册）', '欢乐颂 第一季', '龙头凤尾', '欢乐颂 第三季', '都挺好', '欢乐颂 第二季', '小说灯笼', '欢乐颂', '琅琊榜', '富爸爸穷爸爸（最新修订版）', '佛兰德镜子']",7.947789823258999,一般
中国城市出版社,19,7.815789473684211,7.81824725896745,125610,28.8,2005-2015,"['秘密', '万物有灵且美', '柑橘与柠檬啊', '局外人', '我是个算命先生', '大爱晚成', '万物既伟大又渺小', '局外人2', '旋风少女', '大树', '局外人3', '相亲以后', '万物既聪慧又奇妙', '高难度谈话', '伯恩斯新情绪疗法', '统计数字会撒谎', '暗黑者外传：惩罚', '身体语言密码', '万物刹那又永恒']",7.943598269207739,一般
宁夏人民出版社,4,7.3,7.323615275087569,12181,31.299999999999997,1992-2016,"['历史是个什么玩意儿3', '足球小将', '耳洞', '亲爱的阿基米德']",7.936039593675802,一般
文汇出版社,20,7.805,7.811246193317645,120691,30.0,1999-2019,"['野火集', '山居笔记', '孩子你慢慢来', '山居笔记', '紫阳花日记', '事实', '男女内参', '帝国的惆怅', '必须找到阿历克斯', '无影灯', '小王子三部曲', '碟形世界：猫和少年魔笛手', '“色”眼识人', '飞往巴黎的末班机', '巨浪下的小学', '苏丝黄的世界', '伍尔夫读书随笔', '白色猎人', '黑色皮革手册', '光与影']",7.934447499440967,一般
河南文艺出版社,17,7.776470588235293,7.78222049705142,148493,26.8,2006-2013,"['大漠谣', '许我向你看', '凤囚凰（上中）', '凤囚凰（下）', '大秦帝国', '大漠谣·终结篇', '寻找前世之旅（上下册）', '落落清欢', '红颜乱', '小李飞刀1：多情剑客无情剑（上中下）', '人间（上卷）', '少年丞相世外客', '青囊尸衣', '陆小凤传奇1：金鹏王朝', '梦落芳华', '陆小凤传奇2：绣花大盗', '陆小凤传奇3：决战前后']",7.929684694896512,一般
长江出版社,14,7.742857142857143,7.7462343912337515,120940,28.0,2010-2022,"['龙族Ⅰ', '龙族Ⅱ', '龙族Ⅲ', '龙族Ⅲ', '龙族Ⅳ', '龙族Ⅲ', '哑舍', '浮生物语', '哑舍Ⅱ', '无心法师 第一卷', '哑舍Ⅲ', '将爱', '盗墓笔记1', '遇蛇']",7.927014569335117,一般
华文出版社,17,7.770588235294118,7.776301251211748,135214,25.0,1999-2011,"['此间的少年', '假如给我三天光明', '人生若只初相见', '长腿叔叔', '回廊亭杀人事件', '那些有伤的年轻人', 'Facebook效应', '项塔兰', '销魂殿', '干法', '无价', '笑倾三国（Ⅰ、Ⅱ）', '蒋经国传', '青城', '生存手册', '肉香', '日界线']",7.925814418770573,一般
化学工业出版社,5,7.4,7.410272537109161,38447,29.8,2011-2019,"['湖畔', '秘密', '克莱因壶', '神探伽利略', '以眨眼干杯']",7.923244021641497,一般
知识出版社,9,7.633333333333334,7.635601547318099,109673,20.0,1998-2004,"['第一次的亲密接触', '爱尔兰咖啡', '雨衣', '瞬间空白', '饥饿的女儿', '爱尔兰咖啡', '下楼谈恋爱', '檞寄生', '十七岁不哭']",7.921914863516557,一般
印刷工业出版社,4,7.25,7.270150364434992,11100,32.3,2011-2013,"['世界如此险恶，你要内心强大', '4点起床', '打造Facebook', '日日是好日']",7.919588851936547,一般
江苏文艺出版社,130,7.881538461538461,7.885416196226804,882913,29.9,1995-2019,"['微微一笑很倾城', '那些回不去的年少时光', '山楂树之恋', '红拂夜奔', '我在回忆里等你', '十年一品温如言', '那些回不去的年少时光·终场', '杉杉来吃', '教父', '香蜜沉沉烬如霜', '人间草木', '那个不为人知的故事', '古董局中局 2', '银河帝国：基地', '青灯', '杜拉拉3', '浮世浮城', '许我向你看（终结篇）', '致我们终将逝去的青春', '鲤·孤独', '第八日的蝉', '凤囚凰', '春风沉醉的晚上', '鲤·嫉妒', '11处特工皇妃', '别跟我说你懂日本', '仓央嘉措诗传', '鲤·暧昧', '银河帝国2：基地与帝国', '雪中悍刀行 1', '银河帝国3：第二基地', '鲤·最好的时光', '琉璃美人煞（上中下）', '零售的哲学', '丹尼海格', '扶摇皇后（上下）', '忽而今夏', '顾城的诗 顾城的画', '鲤·谎言', '司藤', '1984', '不畏将来 不念过去', '灵魂有香气的女子', '独裁者手册', '月牙儿', '至此终年', '分开旅行', '鲤·上瘾', '十年一品温如言', '纳兰容若词传', '神的九十亿个名字', '蓝房子', '蚀心者', '只有医生知道！2', '练习一个人', '教父 2：西西里人', '暴君，我来自军情9处', '鲤·逃避', '紫川（全五册）', '银河帝国4：基地前奏', '智斗', '京华烟云', '重紫（全两册）', '鲤·因爱之名', '父亲的力量', '人间烟火', '三国配角演义', '玉米', '银河帝国5：迈向基地', '凰权（上下）', '以自己喜欢的方式过一生', '银河帝国6：基地边缘', '一禅小和尚', '晨昏', '匆匆那年', '银河帝国7：基地与地球', '教父3', '午夜之门', '我的名字，你的姓氏', '卑鄙的圣人：曹操', '交错时光的爱恋', '与我十年长跑的女友明天要嫁人了', '时间的玫瑰', '一人食', '命若琴弦', '银河帝国9：钢穴', '元气糖', '银河帝国8：我，机器人', '守脑如玉', '白发皇妃（上下）', '再生缘（上中下）', '放弃你，下辈子吧', '大淖记事', '吾国与吾民', '44号孩子', '特别的一天', '锦绣未央（1、2、3）', '银河帝国10：裸阳', '以箭为翅', '只为途中与你相见', '洗脑术', '面朝大海 春暖花开', '华杉讲透孙子兵法', '银河帝国11：曙光中的机器人', '上错花轿嫁对郎', 'FBI心理分析术', '小女花不弃', '黑白', '地海传奇：地海巫师', '醉玲珑', '银河帝国12：机器人与帝国', '九篇雪', '扶摇皇后·终结篇（上下）', '媚公卿（上下）', '不生病的智慧', '一辈子暖暖的好（全二册）', '机器人短篇全集', '中国缺什么，日本缺什么', '就说你和他们一样', '愿你与这世界温暖相拥', '阿麦从军', '全部成为F', '红顶商人胡雪岩', '十五年等待候鸟', '风景', '吉祥纹莲花楼（完美典藏版）', '富甲美国', '半小时漫画唐诗2', '妇女生活', '富士山禁恋']",7.906317691560573,一般
海天出版社,21,7.761904761904762,7.770395433184444,128115,9.8,1988-1998,"['花季雨季', '多情剑客无情剑(上、中、下)', '她比烟花寂寞', '喜宝', '流金岁月', '开到荼縻', '玫瑰的故事', '阿修羅', '人淡如菊', '我们不是天使', '胭脂', '香雪海', '圆舞', '迷迭香', '多情剑客无情剑', '我的前半生', '心扉的信', '异乡人', '烈火', '没有月亮的晚上', '小玩意']",7.901745257143615,一般
湖南少年儿童出版社,6,7.416666666666667,7.4417654417953925,113789,23.4,2008-2016,"['我不喜欢这世界，我只喜欢你', '游园惊梦', '苍耳', '月亮说它忘记了', '阮陈恩静', '佳偶天成']",7.9016430845471675,一般
世界知识出版社,12,7.666666666666667,7.667976215799936,94811,20.0,1996-2010,"['那小子真帅', '狼的诱惑', '那小子真帅2', '镜·双城', '狼的诱惑', '镜·破军', '世界上最伟大的推销员', '镜·龙战（上）', '镜·龙战（下）', '羊皮卷', '别独自用餐', '第三帝国的兴亡（上中下）']",7.899512771763542,一般
中国画报出版社,8,7.5375,7.550658193142064,57932,24.8,2008-2011,"['曾有一个人，爱我如生命', 'KAO，被潜了！', '我的青春从爱你开始', '一个人的欢喜与忧伤', '浮生六记', '双阙', '倾世皇妃', '诡案组']",7.898783480151273,一般
九州出版社,25,7.772,7.781383479899912,85053,36.0,2001-2019,"['大裂', '网内人', '中国历代政治得失', '优秀的绵羊', '跟任何人都聊得来', '英语魔法师之语法俱乐部', '你是我的荣耀', '女神一号', '锌皮娃娃兵', '神墓1·潜龙出渊', '牛蛙', '我是女兵，也是女人', '战争与革命中的西南联大', '梦的解析', '把小日子收进手帐里', '男人这东西', '一本小小的红色写作书', '金阁寺', '我们如何走到这一步', '故事的结局早已写在开头', '灯下尘', '我还是想你，妈妈', '爱与寂寞', '叔本华人生哲学', '黑石之墓']",7.894371782792145,一般
珠海出版社,38,7.794736842105263,7.801863443466758,229800,23.5,1999-2009,"['陆小凤传奇', '绝代双骄（全三册）', '楚留香传奇', '欢乐英雄', '萧十一郎', '三少爷的剑', '流星·蝴蝶·剑', '武林外史（上下）', '原谅我红尘颠倒', '七种武器（全三册）', '边城浪子（上下）', '天涯·明月·刀', '钟表馆幽灵', '十角馆杀人预告', '流水迢迢（全两册）', '圆月弯刀', '恶魔吹着笛子来', '大人物', '大旗英雄传（上下）', '狱门岛', '九月鹰飞', '八墓村', '本阵杀人事件', '白玉老虎（上下）', '犬神家族', '女王蜂', '浣花洗剑录（上下）', '迷宫馆的诱惑', '风云第一刀', '黑猫馆手记', '水车馆幻影', '风铃中的刀声', '雾越邸杀人事件', '黑暗馆不死传说', '罪恶的拍球歌', '剑花·烟雨·江南', '咚咚吊桥坠落', '火并萧十一郎']",7.87967796742919,一般
二十一世纪出版社,28,7.767857142857143,7.7728210799437365,223947,22.3,2003-2009,"['一座城池', '光荣日（第一季）', '且试天下1', '三重门', '悟空传', '长安乱', '且试天下2', '像少年啦飞驰', '零下一度', '天使街23号 Ⅰ', '若星汉天空', '韩寒五年文集（上下）', '汤姆索亚历险记', '刻下来的幸福时光', '寒·十八禁', '殷商舰队玛雅征服史', '永远永远爱你', '你真好', '分手清单', '悟空传', '人间六道之修罗道', '狐狸的窗户', '麻雀要革命Ⅱ', '毛毛', '天使街23号. V5', '天使街23号Ⅳ', '圈里圈外', '皮皮鲁和罐头小人']",7.878730915023238,一般
中国文联出版社,13,7.638461538461538,7.650337463452545,50447,29.8,2000-2016,"['全频带阻塞干扰', '桃花债', '圈里圈外', '夜行歌（上下）', '当代诗人作家书画集', '痴人之爱', '一粒红尘', '误入浮华', '执子之手，将子拖走', '不安之书', '南方有乔木', '薄暮晨光', '你是人间四月天']",7.878565483741738,一般
万卷出版公司,55,7.805454545454546,7.810965522307875,365767,25.0,2007-2013,"['他的国', '可爱的洪水猛兽', '杂的文', '1984', '上海堡垒', '十八岁给我一个姑娘', '阿勒泰的角落', '活着活着就老了', '像少年啦飞驰', '影响力', '长安乱', '剑桥倚天屠龙史', '光荣日 第一季', '莲花', '活着活着就老了', '回眸', '人间失格', '离歌（Ⅰ）', '你是那人间的四月天', '美人何处', '三重门', '草样年华3', '鲸鱼女孩 池塘男孩', '殇璃', '海伯利安', '草', '北京，北京', '一座城池', '陌上花开', '风玫瑰', '离歌Ⅱ', '我的征途是星辰大海', '时光机', '太子妃升职记', '吉祥纹莲花楼·玄武', '被嫌弃的松子的一生', '吉祥纹莲花楼·朱雀', '盗墓笔记：吴邪的盗墓笔记', '成都今夜请将我遗忘', '甲骨碎', '吉祥纹莲花楼终篇之青龙·白虎', '真实的幸福', '七喜', '蝙蝠', '在寂与寞的川流上', '安德的游戏', '花镜', '天堂向左深圳往右', '第一次的亲密接触', '改尽江山旧', '世有桃花', '海伯利安的陨落', '爱尔兰咖啡', '他的国', '杂的文']",7.866830583505754,一般
接力出版社,33,7.766666666666667,7.7704100708714625,227206,25.0,2000-2010,"['暮色', '地狱的第19层', '荒村公寓', '就这么漂来漂去', '活了100万次的猫', '我不是教你诈', '破晓', '月食', '万物简史', '等一个人咖啡', '荒村归来', '玛格丽特的秘密', '新月', '幽灵旗', '返祖', '猫眼', '你不可不知的人性', '旋转门', '亡者永生', '塔希里亚故事集', '后青春期的诗', '淘气包马小跳系列', '病毒', '过年', '神的密码', '诅咒', '相思门', '这些年，二哥哥很想你', '我不是教你诈(1)', '手绢上的花田', '暮光之城-豪华珍藏版', '百年诅咒', '少年查必良伤人事件']",7.864228237052224,一般
沈阳出版社,9,7.48888888888889,7.496837720783075,183062,26.0,2009-2011,"['三生三世 十里桃花', '蔡康永的说话之道', '何以笙箫默', '嗨，我的男人', '跨过千年来爱你', '告诉大雄我爱她', '月上重火', '微纪元', '花间提壶方大厨']",7.852532950249046,一般
广西科学技术出版社,7,7.357142857142857,7.371029708745681,54944,32.0,2009-2016,"['断舍离', '因为痛，所以叫青春', '30年后，你拿什么养活自己？', '十四堂人生创意课Ⅱ', '书都不会读，你还想成功', '不属于我们的世纪', '断舍离（心灵篇）']",7.841953848665932,一般
湖南人民出版社,16,7.5875,7.593786984164118,104292,39.8,2009-2020,"['青春', '无证之罪', '100个基本', '让我留在你身边', '猫力乱步', '煮酒探西游', '所有人问所有人', '饥饿的盛世', '今天也要用心过生活', '冯唐诗百首', '斯坦福极简经济学', '做衣服（增补新版）', '不能不去爱的两件事', '掷地有声', '中国国民性演变历程', '万古江河']",7.814985814562441,一般
光明日报出版社,7,7.271428571428571,7.287167653787157,149808,32.0,2001-2017,"['悟空传', '誓鸟', '我们始终牵手旅行', '愿你历尽千帆，归来仍是少年', '前世今生', '南明史', '将嫁']",7.805264199621578,一般
中国华侨出版社,17,7.576470588235295,7.584033436907862,97685,32.8,2011-2018,"['你若安好便是晴天', '绿皮火车', '我讲个笑话，你可别哭啊', '世间的盐', '后宫·如懿传', '知否知否应是绿肥红瘦', '赡养人类', '流浪地球', '怦然心动', '后宫·如懿传2', '感谢自己的不完美', '上课记', '后宫·如懿传3', '因为懂得 所以慈悲', '且将生活一饮而尽', '不疯魔，不哲学', '别处生活']",7.80010084787957,一般
朝华出版社,48,7.645833333333333,7.653011736525754,612548,25.0,2004-2012,"['何以笙箫默', '致我们终将逝去的青春', '原来你还在这里', '琅琊榜', '山月不知心底事', '独步天下（上下卷）', '梦回大清', '被时光掩埋的秘密', '诛仙1', '歌尽桃花', '醉玲珑（上卷）', '忽而今夏', '爱你就像爱生命', '诛仙4', '诛仙2', '潇然梦（上）', '梦回大清', '兰陵缭乱', '醉玲珑（下卷）', '诛仙3', '歌尽桃花', '诛仙5', '醉玲珑（中卷）', '诛仙6', '法老的宠妃', '大约是爱（全二册）', '潇然梦（下）', '致我们终将逝去的青春', '原来', '白昼的星光', '兰陵缭乱Ⅱ', '兰陵缭乱3', '三救姻缘', '上古', '寻找前世之旅续集', '永夜（上下）', '宸宫（上下）', '微雨红尘（上下）', '除了我你还能爱谁', '第一皇妃（Ⅰ、Ⅱ）', '何须浅碧轻红色', '孤芳不自赏', '亵渎1·轮回·月陨', '迷侠记', '法老的宠妃Ⅱ·荷鲁斯之眼', '秀丽江山·白虎卷', '夜上海', '秀丽江山·青龙卷']",7.740677490713532,一般
国际文化出版公司,29,7.56551724137931,7.5760365136965975,295909,28.0,1998-2013,"['1988：我想和这个世界谈谈', '梦的解析', '1988：我想和这个世界谈谈', '良辰讵可待', '死亡通知单', '金融的逻辑', '过客，匆匆', '良言写意', '这么远，那么近', '富兰克林自传', '然后、爱情随遇而安', '末路相逢', '曾国藩的正面与侧面', '纸婚', '衾何以堪', '忽而今夏Ⅱ', '两只前夫一台戏', '逃避自由', '失恋排行榜', '那么，爱呢？', '尽在不言中', '蒋介石传', '凶画', '被遗忘的时光', '超越自卑', '听说姻缘命中注定', '鬼望坡', '君生我已老', '晨曦之雾']",7.725766118806223,一般
湖南文艺出版社,173,7.687861271676301,7.695704485358726,1385798,36.0,1993-2020,"['从你的全世界路过', '偷影子的人', '最好的我们', '乖，摸摸头', '虚无的十字架', '坏小孩', '长安十二时辰 上', '云边有个小卖部', '阿弥陀佛么么哒', '三生三世 枕上书', '悟空传', '长安十二时辰 下', '山茶文具店', '雪人', '深夜食堂 01', '春宴', '暗恋·橘生淮南', '如父如子', '十宗罪', '曾许诺', '显微镜下的大明', '万物静默如谜', '好吗好的', '三生三世十里桃花', '尸语者', '有匪（全集）', '笑场', '长相思', '一个女人的史诗', '深夜食堂 02', '曾许诺·殇', '1980年代的爱情', '有匪1', '我不', '告白', '愿有人陪你颠沛流离', '伊斯坦布尔假期', '鱼羊野史·第1卷', '三生三世 枕上书·终篇', '西游日记', '深夜食堂 03', '天长地久', '忽然七日', '谢谢你离开我', '猎豹', '深夜食堂 04', '亲密关系：通往灵魂的桥梁', '光明与磊落', '莫斯科绅士', '蔡康永的说话之道2', '最美的时光', '十宗罪2', '摇摇晃晃的人间', '观山海', '孤独美食家', '世界上的另一个你', '第十一根手指', '宛如昨日', '步步惊心', '南渡北归（第一部）', '苏东坡传', '长相思2', '遇见弗洛伊德的眼泪', '长相思3', '如果一切重来', '十宗罪3', '硬派健身', '笑场', '苏东坡传', '花千骨', '闪闪发光的人生', '暗恋', '深夜食堂 05', '你是最好的自己', '你坏', '你要去相信，没有到不了的明天', '正能量', '大清相国', '聪明人用方格笔记本', '孤儿列车', '鼠疫', '我喜欢这个&#34;功利&#34;的世界', '浮生若梦1', '万物静默如谜', '世上另一个我(修订版)', '有匪2', '幽灵', '花冠病毒', '鱼羊野史·第2卷', '十宗罪 4', '幸存者', '清道夫', '为什么精英都是时间控', '坦白书', '一路走来一路读', '龙与地下铁', '偷影子的人', '蔡康永的情商课', '恋爱的犀牛', '半暖时光', '遇见未知的自己', '极简主义', '杜拉拉大结局', '华胥引（全2册）', '你的生命有什么可能', '梦里花落知多少', '大漠谣', '绿', '钓鱼的男孩', '招摇', '从你的全世界路过', '重遇未知的自己', '等待戈多', '当我足够好，才会遇见你', '蔡康永爱情短信', '深夜食堂 08', '我讲个故事，你可别当真啊', '有匪3', '走夜路请放声歌唱', '那片星空，那片海', '寡人有疾', '非洲三万里', '我读2', '月都花落，沧海花开', '沙僧日记', '我曾这样寂寞生活：辛波斯卡诗选2', '十宗罪5', '直到那一天', '被偷走的那五年', '好想回到小时候', '有匪4', '偷窥者', '鱼河岸小店', '不懂项目管理，还敢拼职场', '跟乐嘉学性格色彩', '南渡北归（第二部）', '力量', '曾有一个人爱我如生命', '夜行观览车', '人间失格', '南渡北归（第三部）', '你所谓的稳定，不过是在浪费生命', '玩儿', '十宗罪前传', '重生', '沉默的大多数', '每周工作4小时', '深夜食堂 07', '唯有孤独恒常如新', '警察', '它', '深夜食堂 06', '第一日', '病隙碎笔', '离开前请叫醒我', '那些回不去的年少时光（套装上下册）', '爱你就像爱生命（精装全彩珍藏）', '比恐惧更强烈的情感', '知更鸟', '小孩', '再美也美不过想象', '南渡北归', '蓝色天堂', '风沙星辰', '上流法则', '法医秦明作品集', '斜杠青年', '蔡康永的说话之道', '我们都一样，年轻又彷徨', '一个一个人', '四幕戏·起', '妮玛！这就是大学！', '怦然心动的人生整理魔法']",7.721049063651069,一般
长江文艺出版社,147,7.672108843537415,7.679039895183173,1675897,26.8,2001-2019,"['狼图腾', '悲伤逆流成河', '小时代1.0折纸时代', '陪安东尼度过漫长岁月', '这些都是你给我的爱', '流浪地球', '西决', '东霓', '小时代2.0虚铜时代', '橙', '被窝是青春的坟墓', '一句顶一万句', '大地之灯', '澜本嫁衣', '不朽', '尘埃星球', '须臾', '全世爱', '幻城', '小时代3.0：刺金时代', '夏至未至', '幸福了吗?', '文化苦旅', '墨迹', '白说', '这些都是你给我的爱2', '临界·爵迹 I', '蜗居', '乡村教师', '血色浪漫', '南音 （上）', '我不是潘金莲', '悲伤逆流成河', '剩者为王', '南音 （下）', '一地鸡毛', '自在独行', '临界·爵迹 Ⅱ', '校服的裙摆', '年华是无效信', '你好，旧时光', '全世爱Ⅱ·丝婚四年', '草样年华Ⅱ', '漂亮朋友', 'N.世界', '南方有令秧', '少年残像', '千秋', '圈子圈套2', '就喜欢你看不惯我又干不掉我的样子', '任凭这空虚沸腾', '黄', '圈子圈套3', '燃烧的男孩', '时间的女儿', '一句顶一万句', '黄金时代', '告别天堂', '如果世上不再有猫', '红', '康熙大帝（共四册）', '浮世德', '雍正皇帝（全三册）', '妩媚航班', '虚实之间', '大江东去（共三部）', '万象', '痛并快乐着', '直到最后一句', '下垂眼', '我叫刘跃进', '我把青春献给你', '手机', '沙海2', '吃瓜时代的儿女们', '等风来', '狼图腾（简装本）', '我是你儿子', '芙蓉如面柳如眉', '罗辑思维', '心相约', '靠自己去成功', '香草山', '就喜欢你看不惯我又干不掉我的样子2', '四重音', '妞妞', '人间', '剑桥简明金庸武侠史', '心相约', '最小说（第一辑）', '时间之墟', '痕记', '琥珀', '蔷薇求救讯号', '青衣', '魔鬼积木·白垩纪往事', '魔鬼搭讪学', '植物知道生命的答案', '大秦帝国·第一部 黑色裂变（上、下）', '角儿', '《文艺风象+文艺风赏》第一期合刊', '孤独六讲', '潜伏在办公室', '爵迹.燃魂书', '剩者为王Ⅱ', '檀香刑', '今天也要认真穿', '张居正', '我把青春献给你', '离别曲', '陪你到最后', '小时代2.0', '下一站·神奈川', '北洋夜行记', '岁月与性情', '小时代1.5·青木时代VOL.2', '迷津', '愿风裁尘', '微光世界', '尔本', '文艺风象·A梦', '寂静', '床畔', '一地鸡毛', '小时代1.5·青木时代VOL.1', '收纳空白', '重返狼群', '大梦', '浮生六记', '中国文脉', '当我们混在上海', '最小说·第十四辑', '不省心', '双CHEN记', '最小说（2008 07）', '我们内心的冲突', '暗恋：橘生淮南', '新狂人日记', '狼烟北平', '王子与贫儿', '新房客和活死人', '大好河山可骑驴', '本色', '最小说（第四辑）', '剩者为王Ⅰ', '天鹅·光源', '大秦帝国·第二部 国命纵横（上、下）']",7.709569988521549,一般
春风文艺出版社,44,7.577272727272727,7.586359747124006,649479,20.0,1998-2012,"['梦里花落知多少', '幻城', '1995-2005夏至未至', '我与地坛', '年华是无效信', '樱桃之远', '1995-2005夏至未至', '一个人的村庄', '告别天堂', '地下室', '扶桑', '幻城', '三千鸦杀', '夏有乔木雅望天堂', '芙蓉如面柳如眉', '小妖的金色城堡', '樱桃之远', '人面桃花', '岛', '我亦飘零久', '我爱阳光', '后来我们都哭了', '岛（Vol.10）', '最美遇见你', '岛（Vol.05）', '维以不永伤', '岛（Vol.6）', '我的妈妈是精灵', '岛（Vol.09）', '岛（Vol.8）', '最有意义的生活', '岛（VOL.7）', '岛（Vol.4）', '告别天堂', '岛・陆眼（Vol.02)', '岛', '什么都没有发生', '我只是难过不能陪你一起老', '尼尔斯骑鹅历险记', '日光流年', '那多三国事件簿之桃园三结义', '夏有乔木 雅望天堂2', '夏天在倒塌', '你是我的独家记忆']",7.691960046997951,一般
新世界出版社,123,7.647154471544716,7.653854168148739,1062997,22.0,2003-2014,"['喜宝', '会有天使替我爱你', '泡沫之夏', '佳期如梦', '东宫', '九州·缥缈录', '我的前半生', '来不及说我爱你', '泡沫之夏Ⅱ', '泡沫之夏Ⅲ', '千山暮雪', '寂寞空庭春欲晚', '烈火如歌', '裂锦', '中国哲学简史', '天蓝色的彼岸', '曼珠沙华', '玫瑰的故事', '九州·缥缈录Ⅱ·苍云古齿', '佳期如梦之海上繁花', '护花铃', '开到荼蘼', '烈火如歌', '血薇', '人淡如菊', '碧甃沉', '九州·羽传说', '小王子', '如果这一秒，我没遇见你', '胭脂扣', '九州·缥缈录Ⅲ·天下名将', '佳期如梦之今生今世', '沙海', '九州·缥缈录Ⅳ·辰月之征', '如果墙会说话', '帝都赋', '亦恕与珂雪', '乌合之众', '大漠荒颜', '不羁的风', '九州·斛珠夫人', '九州·缥缈录V·一生之盟', '吃南瓜的人', '香寒', '甜酸', '九州·缥缈录VI·豹魂', '祸国', '冷月如霜', '8分钟的温暖', '水晶般透明', '景年知几时', '她的二三事', '一点旧一点新', '阿修罗', '无往而不胜的童话', '同门', '夜船吹笛雨潇潇', '冬日最灿烂的阳光', '再见，冥王星', '剑歌', '听雪楼系列典藏版（全三册）', '花常好月常圆人长久', '孤城闭', '生死桥', '爱你是最好的时光', '午后薰衣茶', '这样的爱拖一天是错一天', '沧海', '飞天', '电光幻影', '魅生·妖颜卷', '当时明月在', '寂寞的心俱乐部', '迷雾围城（全两册）', '孤城闭', '三年K班', '星光璀璨', '寒武纪', '如何让你爱的人爱上你', '嘘', '柔福帝姬', '皇叔', '小紫荆', '陪你到世界终结', '少林寺第八铜人', '九州·白雀神龟', '剪刀替针做媒人', '特首小姐你早', '九州·英雄', '九州·铁浮图', '尘埃眠于光年', '悄悄的一线光', '天上所有的星', '九州·秋林箭', '乐未央', '魅生·幻旅卷', '痴情司', '声息', '杯雪·夜雨打金荷', '魅生·凤鸣卷', '镜·归虚1', '九州志', '迷藏', '雨夜里的星星沙', '爱情的开关', '爱你是最好的时光Ⅱ', '爱人的头颅', '魅生·涅槃卷', '涿鹿', '如意蛋', '邻居太太的情人', '洛阳女儿行·卷一', '张公案', '镜·辟天1', '声息2', '寻找前世之流年转', '寻找爱情的邹小姐', '镜·辟天2', '那一杯咖啡的爱情', '大漠荒颜·帝都赋', '生于一九九叉', '曾有你的天气', '杯雪·传杯·秣陵冬']",7.691652396210077,一般
百花洲文艺出版社,59,7.332203389830509,7.3462252946329265,402903,35.0,2003-2019,"['摆渡人', '默读', '我们', '温暖的弦', '他来了，请闭眼', '少年的你，如此美丽', '如果蜗牛有爱情', '他知道风从哪个方向来', '成都，今夜请将我遗忘', '摆渡人2重返荒原', '萤火虫小巷', '美人为馅', '昭奚旧草', '蜜汁炖鱿鱼', '薄荷荼靡梨花白', '知更鸟女孩', '致我们终将逝去的青春', '一生一世，美人骨', '晚来寂静', '你和我的倾城时光', '余生，请多指教', '世界微尘里', '纸牌屋', '夜旅人', '应许之日', '荆棘之城', '思念成城', '鹤唳华亭', '满满都是我对你的爱', '一厘米的阳光', '星辰变1', '何所冬暖，何所夏凉', '守夜者', '囚鸟', '怦然心动', '轻舔丝绒', '夏目友人帐', '再见，萤火虫小巷', '再不相爱就软了', '那个不为人知的故事', '最美遇见你', '绾青丝', '两个人的头两年', '那不勒斯的萤火', '我的拖延症女友', '白色橄榄树', '很想很想你', '十年一品温如言（修订珍藏版）', '小楼传奇', '和你在一起才是全世界', '你是我的城池营垒', '成都今夜请将我遗忘', '莫负寒夏（上下）', '白日梦我', '奋斗（上）', '摆渡人3无境之爱', '他从火光中走来', '我站在桥上看风景', '半城风月']",7.460313911776145,一般
